H,Hydrogen(1)
He,Helium(2)
Li,Lithium(3)
Be,Beryllium(4)
B,Boron(5)
C,Carbon(6)
N,Nitrogen(7)
O,Oxygen(8)
F,Fluorine(9)
Ne,Neon(10)
Na,Sodium(11)
Mg,Magnesium(12)
Al,Aluminum(13)
Si,Silicon(14)
P,Phosphorus(15)
S,Sulfur(16)
Cl,Chlorine(17)
Ar,Argon(18)
K,Potassium(19)
Ca,Calcium(20)
Sc,Scandium(21)
Ti,Titanium(22)
V,Vanadium(23)
Cr,Chromium(24)
Mn,Manganese(25)
Fe,Iron(26)
Co,Cobalt(27)
Ni,Nickel(28)
Cu,Copper(29)
Zn,Zinc(30)
Ga,Gallium(31)
Ge,Germanium(32)
As,Arsenic(33)
Se,Selenium(34)
Br,Bromine(35)
Kr,Krypton(36)
Rb,Rubidium(37)
Sr,Strontium(38)
Y,Yttrium(39)
Zr,Zirconium(40)
Nb,Niobium(41)
Mo,Molybdenum(42)
Tc,Technetium(43)
Ru,Ruthenium(44)
Rh,Rhodium(45)
Pd,Palladium(46)
Ag,Silver(47)
Cd,Cadmium(48)
In,Indium(49)
Sn,Tin(50)
Sb,Antimony(51)
Te,Tellurium(52)
I,Iodine(53)
Xe,Xenon(54)
Cs,Cesium(55)
Ba,Barium(56)
La,Lanthanum(57)
Ce,Cerium(58)
Pr,Praseodymium(59)
Nd,Neodymium(60)
Pm,Promethium(61)
Sm,Samarium(62)
Eu,Europium(63)
Gd,Gadolinium(64)
Tb,Terbium(65)
Dy,Dysprosium(66)
Ho,Holmium(67)
Er,Erbium(68)
Tm,Thulium(69)
Yb,Ytterbium(70)
Lu,Lutetium(71)
Hf,Hafnium(72)
Ta,Tantalum(73)
W,Tungsten(74)
Re,Rhenium(75)
Os,Osmium(76)
Ir,Iridium(77)
Pt,Platinum(78)
Au,Gold(79)
Hg,Mercury(80)
Tl,Thallium(81)
Pb,Lead(82)
Bi,Bismuth(83)
Po,Polonium(84)
At,Astatine(85)
Rn,Radon(86)
Fr,Francium(87)
Ra,Radium(88)
Ac,Actinium(89)
Th,Thorium(90)
Pa,Protactinium(91)
U,Uranium(92)
Np,Neptunium(93)
Pu,Plutonium(94)
Am,Americium(95)
Cm,Curium(96)
Bk,Berkelium(97)
Cf,Californium(98)
Es,Einsteinium(99)
Fm,Fermium(100)
Md,Mendelevium(101)
No,Nobelium(102)
Lr,Lawrencium(103)
Rf,Rutherfordium(104)
Db,Dubnium(105)
Sg,Seaborgium(106)
Bh,Bohrium(107)
Hs,Hassium(108)
Mt,Meitnerium(109)
AlSb,Aluminium antimonide
AlAsO4.8H2O,Aluminium arsenate
AlAs,Aluminium arsenide
AlB2,Aluminium boride
AlBr3,Aluminium bromide
Al4C3,Aluminium carbide
AlI3,Aluminium iodide
AlN,Aluminium nitride
Al2O3,Aluminium oxide
AlP,Aluminium phosphide
AlCl3,Aluminium chloride
AlF3,Aluminium fluoride
Al(OH)3,Aluminium hydroxide
Al(NO3)3,Aluminium nitrate
Al2S3,Aluminium sulfide
Al2(SO4)3,Aluminium sulfate
AlK(SO4)2,Aluminium potassium sulfate
NH3,Ammonia
NH4N3,Ammonium azide
NH4HCO3,Ammonium bicarbonate (Ammonium hydrogen carbonate)
NH4HSO4,Ammonium bisulfate
(NH4)2CrO4,Ammonium chromate
(NH4)2Ce(NO3)6,Ammonium cerium nitrate
(NH4)4Ce(SO4)4,Ammonium cerium sulfate
NH4Cl,Ammonium chloride
NH4ClO3,Ammonium chlorate
NH4CN,Ammonium cyanide
(NH4)2Cr2O7,Ammonium dichromate
NH4H2PO4,Ammonium dihydrogen phosphate
NH4OH,Ammonium hydroxide
(NH4)2(PtCl6),Ammonium hexachloroplatinate
NH4NO3,Ammonium nitrate
(NH4)2MoO4,Ammonium orthomolybdate
H6N2O3S,Ammonium sulfamate
(NH4)2S,Ammonium sulfide
(NH4)2SO3,Ammonium sulfite
(NH4)2SO4,Ammonium sulfate
NH4ClO4,Ammonium perchlorate
NH4MnO4,Ammonium permanganate
(NH4)2S2O8,Ammonium persulfate
NH4[Cr(SCN)4(NH3)2],Ammonium tetrathiocyanatodiamminechromate(III)
NH4SCN,Ammonium thiocyanate
NH4I3,Ammonium triiodide
H8MoN2O4[1],Diammonium dioxido(dioxo)molybdenum
(NH4)2HPO4,Diammonium phosphate
SbH3,Antimony hydride
SbCl5,Antimony pentachloride
SbF5,Antimony pentafluoride
K2Sb2(C4H2O6)2,Antimony potassium tartrate
Sb2(SO4)3,Antimony sulfate
SbF3,Antimony trifluoride
Sb2O3,Antimony trioxide
Sb2S3,Antimony trisulfide
Sb2S5,Antimony pentasulfide
HArF,Argon fluorohydride
AsF3,Arsenic trifluoride
AsF5,Arsenic pentafluoride
As2O3,Arsenic trioxide (Arsenic oxide)
As(OH)3,Arsenous acid
AsO(OH)3,Arsenic acid
AsH3,Arsine
Ba(N3)2,Barium azide
BaBr2,Barium bromide
BaCO3,Barium carbonate
Ba(ClO3)2,Barium chlorate
BaCl2,Barium chloride
BaCrO4,Barium chromate
BaFeO4,Barium ferrate
BaFe12O19,Barium ferrite
BaF2,Barium fluoride
Ba(OH)2,Barium hydroxide
BaI2,Barium iodide
BaMnO4,Barium manganate
Ba(NO3)2,Barium nitrate
Ba(C2O4),Barium oxalate
BaO,Barium oxide
Ba(MnO4)2,Barium permanganate
BaO2,Barium peroxide
BaSO4,Barium sulfate
BaS,Barium sulfide
BaTiO3,Barium titanate
Be(BH4)2,Beryllium borohydride
BeBr2,Beryllium bromide
BeCO3,Beryllium carbonate
BeCl2,Beryllium chloride
BeF2,Beryllium fluoride
BeH2,Beryllium hydride
Be(OH)2,Beryllium hydroxide
BeI2,Beryllium iodide
Be(NO3)2,Beryllium nitrate
Be3N2,Beryllium nitride
BeO,Beryllium oxide
BeSO4,Beryllium sulfate
BeSO3,Beryllium sulfite
BeTe,Beryllium telluride
Bi2O3,Bismuth oxide
Bi2Te3,Bismuth telluride
BeFeO3,Bismuth ferrite
BiOCl,Bismuth oxychloride
BiF5,Bismuth pentafluoride
BiBr3,Bismuth tribromide
BH3,Borane
Na2B4O7·10H2O,Borax
H3BO3,Boric acid
B4C,Boron carbide
BN,Boron nitride
B6O,Boron suboxide
BCl3,Boron trichloride
BF3,Boron trifluoride
B2O3,Boron oxide
B10H14,Decaborane (Diborane)
B2H6,Diborane
B2F4,Diboron tetrafluoride
B5H9,Pentaborane
B4H10,Tetraborane
BrCl,Bromine monochloride
BrF5,Bromine pentafluoride
BrF3,Bromine trifluoride
HBrO4,Perbromic acid
Cd3As2,Cadmium arsenide
CdBr2,Cadmium bromide
CdCl2,Cadmium chloride
CdF2,Cadmium fluoride
CdI2,Cadmium iodide
Cd(NO3)2,Cadmium nitrate
CdO,Cadmium oxide
CdSe,Cadmium selenide
CdSO4,Cadmium sulfate
CdS,Cadmium sulfide
CdTe,Cadmium telluride
CsHCO3,Caesium bicarbonate
Cs2CO3,Caesium carbonate
CsCl,Caesium chloride
Cs2CrO4,Caesium chromate
CsF,Caesium fluoride
CsH,Caesium hydride
CsHSO4,Caesium hydrogen sulfate
Cs2SO4,Caesium sulfate
CaBr2,Calcium bromide
CaC2,Calcium carbide
CaCO3,Calcium carbonate(Precipitated Chalk)
Ca(ClO3)2,Calcium chlorate
CaCl2,Calcium chloride
CaCrO4,Calcium chromate
CaCN2,Calcium cyanamide
CaF2,Calcium fluoride
CaH2,Calcium hydride
Ca(OH)2,Calcium hydroxide
CaSi,Calcium monosilicide
Ca(C2O4),Calcium oxalate
CaOCl2,Calcium oxychloride
Ca(ClO4)2,Calcium perchlorate
Ca(MnO4)2,Calcium permanganate
CaSO4,Calcium sulfate (gypsum)
CO2,Carbon dioxide
CS2,Carbon disulfide
CO,Carbon monoxide
CBr4,Carbon tetrabromide
CCl4,Carbon tetrachloride
CF4,Carbon tetrafluoride
CI4,Carbon tetraiodide
H2CO3,Carbonic acid
COCl2,Carbonyl chloride
COF2,Carbonyl fluoride
COS,Carbonyl sulfide
C6H12N2O4Pt,Carboplatin
SiC,carborundum
CeBr3,Cerium bromide
Ce2(CO3)3,Cerium carbonate
CeCl3,Cerium chloride
CeF3,Cerium fluoride
Ce(OH)3,Cerium hydroxide
CeI3,Cerium iodide
Ce(NO3)3,Cerium nitrate
Ce2O3,Cerium oxide
Ce2(SO4)3,Cerium sulfate
Ce(OH)4,Cerium hydroxide
Ce(NO3)4,Cerium nitrate
CeO2,Cerium oxide
Ce(SO4)2,Cerium sulfate
Ce3O4,"Cerium(III,IV) oxide"
(NH4)2Ce(NO3)6,Ceric ammonium nitrate
CeB6,Cerium hexaboride
CeAl,Cerium aluminium
CeCd,Cerium cadmium
CeMg,Cerium magnesium
CeHg,Cerium mercury
CeAg,Cerium silver
CeTl,Cerium thallium
CeZn,Cerium zinc
HClO3,Chloric acid
ClN3,Chlorine azide
ClO2,Chlorine dioxide
ClF,Chlorine monofluoride
ClO,Chlorine monoxide
ClF5,Chlorine pentafluoride
Cl2O4,Chlorine perchlorate
O3ClOOClO3,Chlorine tetroxide (the peroxide)
ClF3,Chlorine trifluoride
ClO3,Chlorine trioxide
H2PtCl6,Chloroplatinic acid
ClO2F,Chloryl fluoride
PtCl2(NH3)2,Cisplatin (cis–platinum chloride diamine)
Cl2O,Dichlorine monoxide
Cl2O2,Dichlorine dioxide
Cl2O3,Dichlorine trioxide
ClOClO3,Dichlorine tetroxide (chlorine perchlorate)
Cl2O6,Dichlorine hexoxide
Cl2O7,Dichlorine heptoxide
SiH2Cl,Dichlorosilane
HClO4,Perchloric acid
ClO3F,Perchloryl fluoride
HAuCl4,Tetrachloroauric acid
CrO3,Chromic acid
CrO3,Chromium trioxide (Chromic acid)
CrCl2,Chromium chloride
CrSO4,Chromium sulfate
CrCl3,Chromium chloride
Cr(NO3)3,Chromium nitrate
Cr2O3,Chromium oxide
Cr2(SO4)3,Chromium sulfate
Cr2Te3,Chromium telluride
CrO2,Chromium oxide
CrF5,Chromium pentafluoride
CrO2Cl2,Chromyl chloride
CrO2F2,Chromyl fluoride
CoBr2,Cobalt bromide
CoCO3,Cobalt carbonate
CoCl2,Cobalt chloride
Co(NO3)2,Cobalt nitrate
CoSO4,Cobalt sulfate
CoF3,Cobalt fluoride
Cu2C2,Copper acetylide
CuCl,Copper chloride
CuF,Copper fluoride
Cu2O,Copper oxide
CuSO4,Copper sulfate
Cu2S,Copper sulfide
Cu(N3)2,Copper azide
CuCO3,Copper carbonate
CuCl2,Copper chloride
Cu(OH)2,Copper hydroxide
Cu(NO3)2,Copper nitrate
CuO,Copper oxide
CuSO4,Copper sulfate
CuS,Copper sulfide
H3ClCu2O3[2],Copper oxychloride
[Cu(NH3)4]SO4,Tetramminecopper sulfate
CNBr,Cyanogen bromide
CNCl,Cyanogen chloride
ICN,Cyanogen iodide
(CN)2,Cyanogen
C3Cl3N3,Cyanuric chloride
CNSCN[3],Cyanogen thiocyanate
CNSeCN[3],Cyanogen selenocyanate
CNN3[3],Cyanogen azide
Si2H6,Disilane
S2Cl2,Disulfur dichloride
DyCl3,Dysprosium chloride
Dy2O3,Dysprosium oxide
Dy2Ti2O7,Dysprosium titanate
ErCl3,Erbium chloride
ErCu,Erbium-copper
ErAu,Erbium-gold
ErAg,Erbium-silver
ErIr,Erbium-Iridium
EuCl2,Europium chloride
EuSO4,Europium sulfate
EuBr3,Europium bromide
EuCl3,Europium chloride
Eu(IO3)3,Europium iodate
EuI3,Europium iodide
Eu(NO3)3,Europium nitrate
Eu2O3,Europium oxide
Eu(ClO4)3,Europium perchlorate
Eu2(SO4)3,Europium sulfate
EuVO4,Europium vanadate
N2F4,Tetrafluorohydrazine
C2NF3,Trifluoromethylisocyanide
CF3SO3H,Trifluoromethanesulfonic acid
GdCl3,Gadolinium chloride
Gd2O3,Gadolinium oxide
GaSb,Gallium antimonide
GaAs,Gallium arsenide
GaF3,Gallium fluoride
GaCl3,Gallium trichloride
GaN,Gallium nitride
GaP,Gallium phosphide
GaS,Gallium sulfide
Ga2S3,Gallium sulfide
Ge2H6,Digermane
GeH4,Germane
GeBr2,Germanium bromide
GeCl2,Germanium chloride
GeF2,Germanium fluoride
GeI2,Germanium iodide
GeO,Germanium oxide
GeSe,Germanium selenide
GeS,Germanium sulfide
GeBr4,Germanium bromide
GeCl4,Germanium chloride
GeF4,Germanium fluoride
GeI4,Germanium iodide
Ge3N4,Germanium nitride
GeO2,Germanium oxide
GeSe2,Germanium selenide
GeS2,Germanium sulfide
GeF2,Germanium difluoride
GeO2,Germanium dioxide
GeCl4,Germanium tetrachloride
GeF4,Germanium tetrafluoride
GeTe,Germanium telluride
AuBr,Gold bromide
AuCl,Gold chloride
AuH,Gold hydride
AuI,Gold iodide
Au2Se,Gold selenide
Au2S,Gold sulfide
(AuBr3)2,Gold bromide
(AuCl3)2,Gold chloride
AuF3,Gold fluoride
AuI3,Gold iodide
Au2O3,Gold oxide
Au2Se3,Gold selenide
Au2S3,Gold sulfide
AuF5,Gold fluoride
Au4Cl8,"Gold(I,III) chloride"
AuTe2,Gold ditelluride
AuF5·F2,Gold heptafluoride
HfBr4,Hafnium bromide
HfC,Hafnium carbide
HfCl4,Hafnium chloride
HfF4,Hafnium fluoride
HfI4,Hafnium iodide
HfO2,Hafnium oxide
HfSiO4,Hafnium silicate
HfS2,Hafnium sulfide
Rh6(CO)16,Hexadecacarbonylhexarhodium
H2F6Si,Hexafluorosilicic acid
N2H4,Hydrazine
HN3,Hydrazoic acid
HI,Hydroiodic acid
HBr,Hydrogen bromide
HCl,Hydrogen chloride
HCN,Hydrogen cyanide
HF,Hydrogen fluoride
H2O2,Hydrogen peroxide
H2Se,Hydrogen selenide
H2S,Hydrogen sulfide
H2Te,Hydrogen telluride
NH2OH,Hydroxylamine
HBrO,Hypobromous acid
HClO,Hypochlorous acid
H3PO2,Hypophosphorous acid
HPO3,Metaphosphoric acid
H3+,Protonated molecular hydrogen
H2O3,Trioxidane
Na2He,Sodium helide
InBr,Indium bromide
InBr3,Indium bromide
InCl3,Indium chloride
InF3,Indium fluoride
In2O3,Indium oxide
In2(SO4)3,Indium sulfate
InSb,Indium antimonide
InAs,Indium arsenide
InN,Indium nitride
InP,Indium phosphide
HIO3,Iodic acid
IF7,Iodine heptafluoride
IF5,Iodine pentafluoride
ICl,Iodine monochloride
ICl3,Iodine trichloride
HIO4,Periodic acid
IrCl4,Iridium chloride
IrF5,Iridium fluoride
IrF6,Iridium hexafluoride
IrF4,Iridium tetrafluoride
Fe2 Nb2O6,Columbite
FeCl2,Iron chloride
FeC2O4,Iron oxalate
FeO,Iron oxide
FeSeO4,Iron selenate
FeSO4,Iron sulfate
FeCl3,Iron chloride
FeF3,Iron fluoride
C6Fe2O12,Iron oxalate
Fe2O3,Iron oxide
Fe(NO3)3(H2O)9,Iron nitrate
Fe2(SO4)3,Iron sulfate
Fe(SCN)3,Iron thiocyanate
Fe3O4,"Iron(II,III) oxide"
Fe7(CN)18,Iron ferrocyanide
Fe4[Fe(CN)6]3,Prussian blue (Iron hexacyanoferrate(II))
KrF2,Krypton difluoride
LaAl,Lanthanum aluminium
LaCd,Lanthanum cadmium
La2(CO3)3,Lanthanum carbonate
LaMg,Lanthanum magnesium
LaMnO3,Lanthanum manganite
LaHg,Lanthanum mercury
LaAg,Lanthanum silver
LaTl,Lanthanum tallium
LaZn,Lanthanum zinc
Pb(N3)2,Lead azide
PbBr2,Lead bromide
Pb(CO3),Lead carbonate
PbCl2,Lead chloride
PbF 2,Lead fluoride
Pb(OH)2,Lead hydroxide
PbI2,Lead iodide
Pb(NO3)2,Lead nitrate
PbO,Lead oxide
Pb3(PO4)2,Lead phosphate
Pb(SO4),Lead sulfate
PbSe,Lead selenide
PbS,Lead sulfide
PbTe,Lead telluride
Pb(CNS)2,Lead thiocyanate
Pb3O4,"Lead(II,IV) oxide"
PbO2,Lead oxide
PbS2,Lead sulfide
PbHAsO4,Lead hydrogen arsenate
C6HN3O8Pb,Lead styphnate
PbCl4,Lead tetrachloride
PbF4,Lead tetrafluoride
Pb3O4[4],Lead tetroxide
PbTiO3,Lead titanate
Pb[TixZr1–x]O3,Lead zirconate titanate
PbH4,Plumbane
LiAlCl4,Lithium tetrachloroaluminate
LiAlH4,Lithium aluminium hydride
LiBr,Lithium bromide
LiBH4,Lithium borohydride
Li2CO3,Lithium carbonate (Lithium salt)
LiCl,Lithium chloride
LiClO,Lithium hypochlorite
LiClO3,Lithium chlorate
LiClO4,Lithium perchlorate
LiCoO2,Lithium cobalt oxide
Li2O,Lithium oxide
Li2O2,Lithium peroxide
LiH,Lithium hydride
LiOH,Lithium hydroxide
LiI,Lithium iodide
FeLiO4P,Lithium iron phosphate
LiNO3,Lithium nitrate
Li2S,Lithium sulfide
Li2SO3,Lithium sulfite
Li2SO4,Lithium sulfate
LiO2,Lithium superoxide
LiPF4,Lithium hexafluorophosphate
MgSb,Magnesium antimonide
MgBr2,Magnesium bromide
MgCO3,Magnesium carbonate
MgCl2,Magnesium chloride
C6H6MgO7,Magnesium citrate
MgO,Magnesium oxide
Mg(ClO4)2,Magnesium perchlorate
Mg3(PO4)2,Magnesium phosphate
MgSO4,Magnesium sulfate
MnBr2,Manganese bromide
MnCl2,Manganese chloride
Mn(OH)2,Manganese hydroxide
MnO,Manganese oxide
Mn3(PO4)2,Manganese phosphate
MnSO4,Manganese sulfate
MnSO4.H2O,Manganese sulfate monohydrate
MnCl3,Manganese chloride
Mn2O3,Manganese oxide
MnF4,Manganese fluoride
MnO2,Manganese oxide (manganese dioxide)
Mn3O4,"Manganese(II,III) oxide"
MnO2,Manganese dioxide
Mn2O7,Manganese heptoxide
Hg2Cl2,Mercury chloride
Hg2SO4,Mercury sulfate
HgCl2,Mercury chloride
MgH2,Mercury hydride
HgSe,Mercury selenide
HgSO4,Mercury sulfate
HgS,Mercury sulfide
HgTe,Mercury telluride
Hg(SCN)2,Mercury thiocyanate
HgF4,Mercury fluoride
Hg(ONC)2,Mercury fulminate
MoBr2,Molybdenum bromide
Mo6Cl12,Molybdenum chloride
MoBr3,Molybdenum bromide
MoCl3,Molybdenum chloride
MoC,Molybdenum carbide
MoCl4,Molybdenum chloride
MoF4,Molybdenum fluoride
Mo2Cl10,Molybdenum chloride
MoF5,Molybdenum fluoride
MoS2,Molybdenum disulfide
Mo(CO)6,Molybdenum hexacarbonyl
MoF6,Molybdenum hexafluoride
MoCl4,Molybdenum tetrachloride
MoO3,Molybdenum trioxide
H2MoO4,Molybdic acid
NdCl3,Neodymium chloride
NpF3,Neptunium fluoride
NpF4,Neptunium fluoride
NpO2,Neptunium oxide
NpF6,Neptunium fluoride
NiCO3,Nickel carbonate
NiCl2,Nickel chloride
NiF2,Nickel fluoride
Ni(OH)2,Nickel hydroxide
Ni(NO3)2,Nickel nitrate
NiO,Nickel oxide
Ni(SO3NH2)2,Nickel sulfamate
NiS,Nickel sulfide
NbF4,Niobium fluoride
NbF5,Niobium fluoride
NbOCl3,Niobium oxychloride
NbCl5,Niobium pentachloride
N2O5,Dinitrogen pentoxide (nitronium nitrate)
N2F4,Dinitrogen tetrafluoride
N2O4,Dinitrogen tetroxide
N2O3,Dinitrogen trioxide
HNO3,Nitric acid
HNO2,Nitrous acid
NO2,Nitrogen dioxide
NO,Nitrogen monoxide
N2O,Nitrous oxide
NF5,Nitrogen pentafluoride
NI3,Nitrogen triiodide
(NO),Nitrosonium octafluoroxenate(VI)
NOBF4,Nitrosonium tetrafluoroborate
NOHSO4,Nitrosylsulfuric acid
OsF6,Osmium hexafluoride
OsO4,Osmium tetroxide (osmium oxide)
OsO3,Osmium trioxide (osmium oxide)
C24H54OSn2,Oxybis(tributyltin)
OF2,Oxygen difluoride
PdCl2,Palladium chloride
Pd(NO3)2,Palladium nitrate
PdF3,"Palladium(II,IV) fluoride"
PdSO4[5],Palladium sulfate
PdF4,Palladium tetrafluoride
P2Cl4,Diphosphorus tetrachloride
P2F4,Diphosphorus tetrafluoride
P2I4,Diphosphorus tetraiodide
PH3,Phosphine
H3PMo12O40,Phosphomolybdic acid
H3PO4,Phosphoric acid
H3PO3,Phosphorous acid (Phosphoric acid)
PBr5,Phosphorus pentabromide
PF5,Phosphorus pentafluoride
P4S10,Phosphorus pentasulfide
P2O5,Phosphorus pentoxide
P4S3,Phosphorus sesquisulfide
PBr3,Phosphorus tribromide
PCl3,Phosphorus trichloride
PF3,Phosphorus trifluoride
PI3,Phosphorus triiodide
H3PW12O40,Phosphotungstic acid
PtCl2,Platinum chloride
PtCl4,Platinum chloride
PtF6,Platinum hexafluoride
PtF5,Platinum pentafluoride
PtF4,Platinum tetrafluoride
PuCl3,Plutonium chloride
PuO2,Plutonium dioxide (Plutonium oxide)
PuF4,Plutonium tetrafluoride
PoF6,Polonium hexafluoride
K2SO4.Al2(SO4)3·24H2O,Potash Alum
KAlF4,Potassium aluminium fluoride
KNH2,Potassium amide
KAg(CN)2,Potassium argentocyanide
KAsO2,Potassium arsenite
KN3,Potassium azide
K2B4O7•4H2O,Potassium borate
KBr,Potassium bromide
KHCO3,Potassium bicarbonate
KHF2,Potassium bifluoride
KHSO3,Potassium bisulfite
K2CO3,Potassium carbonate
KCaCl3,Potassium calcium chloride
KClO3,Potassium chlorate
KCl,Potassium chloride
KClO2,Potassium chlorite
K2CrO4,Potassium chromate
KCN,Potassium cyanide
K2Cr2O7,Potassium dichromate
K2S2O4,Potassium dithionite
K2FeO4,Potassium ferrate
K3[Fe(C2O4)3],Potassium ferrioxalate
K3[Fe(CN)]6,Potassium ferricyanide
K4[Fe(CN)]6,Potassium ferrocyanide
K2[TaF7],Potassium heptafluorotantalate
KPF6,Potassium hexafluorophosphate
KHCO3,Potassium hydrogen carbonate
KHF2,Potassium hydrogen fluoride
KOH,Potassium hydroxide
KI,Potassium iodide
KIO3,Potassium iodate
K2MnO4,Potassium manganate
K2SO4·KHSO4·2KHSO5,Potassium monopersulfate
KNO3,Potassium nitrate
KBrO4,Potassium perbromate
KClO4,Potassium perchlorate
KIO4,Potassium periodate
KMnO4,Potassium permanganate
KNaC4H4O6,Potassium sodium tartrate
K2SO4,Potassium sulfate
K2SO3,Potassium sulfite
K2S,Potassium sulfide
K2C4H4O6,Potassium tartrate
K2HgI4,Potassium tetraiodomercurate(II)
KSCN,Potassium thiocyanate
KTiOPO4,Potassium titanyl phosphate
KVO3,Potassium vanadate
K3PO4,Tripotassium phosphate
PrCl3,Praseodymium chloride
Pr2(SO4)3,Praseodymium sulfate
PmCl3,Promethium chloride
Pm2O3,Promethium oxide
RaBr2,Radium bromide
RaCl2,Radium chloride
RnF2,Radon difluoride
ReO2,Rhenium oxide
Re2O7,Rhenium oxide
ReF7,Rhenium heptafluoride
ReF6,Rhenium hexafluoride
RhCl3,Rhodium chloride
RhF6,Rhodium hexafluoride
RbN3,Rubidium azide
RbBr,Rubidium bromide
RbCl,Rubidium chloride
RbF,Rubidium fluoride
RbHSO4,Rubidium hydrogen sulfate
RbOH,Rubidium hydroxide
RbI,Rubidium iodide
RbNO3,Rubidium nitrate
Rb2O,Rubidium oxide
Rb2Te,Rubidium telluride
RuF6,Ruthenium hexafluoride
RuF5,Ruthenium pentafluoride
RuO4,Ruthenium oxide
SmI2,Samarium iodide
SmCl3,Samarium chloride
Sm2O3,Samarium oxide
ScF3,Scandium fluoride
Sc(NO3)3,Scandium nitrate
Sc2O3,Scandium oxide
Sc(OSO2CF3)3,Scandium triflate
H2SeO4,Selenic acid
H2SeO3,Selenious acid
SeBr2,Selenium dibromide
SeO2,Selenium dioxide
SeS2,Selenium disulfide
SeF6,Selenium hexafluoride
Se2S6,Selenium hexasulfide
SeOBr2,Selenium oxybromide
SeOCl2,Selenium oxydichloride
SeCl4,Selenium tetrachloride
SeF4,Selenium tetrafluoride
SeO3,Selenium trioxide
SeO2F2,Selenoyl fluoride
SiH4,Silane
SiO2·nH2O,Silica gel
[SiOx(OH)4–2x]n,Silicic acid
Cl3HSi,"Silicochloroform, trichlorosilane"
H2SiF6,Silicofluoric acid
SiB3,Silicon boride
SiC,Silicon carbide
SiO2,Silicon dioxide
SiO,Silicon monoxide
Si3N4,Silicon nitride
SiBr4,Silicon tetrabromide
SiCl4,Silicon tetrachloride
SiF4,Silicon tetrafluoride
SiI4,Silicon tetraiodide
"(Sc,Y)2Si2O7",Thortveitite
AgF,Silver fluoride
AgF2,Silver fluoride
Ag2C2,Silver acetylide
KAg(CN)2,Silver argentocyanide
AgN3,Silver azide
AgBrO3,Silver bromate
AgBr,Silver bromide
AgClO3,Silver chlorate
AgCl,Silver chloride
Ag2CrO4,Silver chromate
AgBF4,Silver fluoroborate
AgCNO,Silver fulminate
AgOH,Silver hydroxide
AgI,Silver iodide
AgNO3,Silver nitrate
Ag3N,Silver nitride
Ag2O,Silver oxide
AgClO4,Silver perchlorate
AgMnO4,Silver permanganate
Ag3PO4,Silver phosphate (silver orthophosphate)
Ag2F,Silver subfluoride
Ag2SO4,Silver sulfate
Ag2S,Silver sulfide
NaNH2,Sodamide
NaAlO2,Sodium aluminate
H24Na3AsO16,Sodium arsenate
NaN3,Sodium azide
NaHCO3,Sodium bicarbonate
NaHSe,Sodium biselenide
NaHSO4,Sodium bisulfate
NaHSO3,Sodium bisulfite
NaBH4,Sodium borohydride
NaBrO3,Sodium bromate
NaBr,Sodium bromide
NaBrO2,Sodium bromite
Na2C2,Sodium carbide
Na2CO3,Sodium carbonate
NaClO3,Sodium chlorate
NaCl,Sodium chloride
NaClO2,Sodium chlorite
CoN6Na3O12[6],Sodium cobaltinitrite
NaCNO,Sodium cyanate
NaCN,Sodium cyanide
Na2Cr2O7.2H2O,Sodium dichromate
NaO2,Sodium dioxide
Na2S2O4,Sodium dithionite
Na4Fe(CN)6,Sodium ferrocyanide
NaF,Sodium fluoride
F6Na2Si,Sodium fluorosilicate
HCOONa,Sodium formate
NaH,Sodium hydride
NaHCO3,Sodium hydrogen carbonate (Sodium bicarbonate)
NaSH,Sodium hydrosulfide
NaOH,Sodium hydroxide
NaBrO,Sodium hypobromite
NaOCl,Sodium hypochlorite
NaIO,Sodium hypoiodite
NaPO2H2,Sodium hypophosphite
NaIO3,Sodium iodate
NaI,Sodium iodide
Na2MnO4,Sodium manganate
Na2MoO4,Sodium molybdate
Na2PFO3,Sodium monofluorophosphate (MFP)
NaNO3,Sodium nitrate
NaNO2,Sodium nitrite
Na2[Fe(CN)5NO]·2H2O,Sodium nitroprusside
Na2O,Sodium oxide
NaBO3·H2O,Sodium perborate
NaBrO4,Sodium perbromate
2Na2CO3·3H2O2,Sodium percarbonate
NaClO4,Sodium perchlorate
NaIO4,Sodium periodate
NaMnO4,Sodium permanganate
Na2O2,Sodium peroxide
Na2CO4,Sodium peroxycarbonate
NaReO4,Sodium perrhenate
Na2S2O8,Sodium persulfate
Na3PO4,Sodium phosphate; see trisodium phosphate
Na2O4Se,Sodium selenate
Na2Se,Sodium selenide
Na2SeO3,Sodium selenite
Na2SiO3,Sodium silicate
Na2SO4,Sodium sulfate
Na2S,Sodium sulfide
Na2SO3,Sodium sulfite
C4H4Na2O6,Sodium tartrate
Na2TeO3,Sodium tellurite
NaAlCl,Sodium tetrachloroaluminate
NaBF,Sodium tetrafluoroborate
Na3(SbS4).9H2O,Sodium thioantimoniate
NaSCN,Sodium thiocyanate
Na2S2O3,Sodium thiosulfate
Na2WO4,Sodium tungstate
Na2O7U2,Sodium uranate
H4Na2O4Zn[7],Sodium zincate
Na3PO4,Trisodium phosphate
SrBr2,Strontium bromide
SrCO3,Strontium carbonate
SrCl2,Strontium chloride
SrF2,Strontium fluoride
Sr(OH)2,Strontium hydroxide
SrI2,Strontium iodide
Sr(NO3)2,Strontium nitrate
SrO,Strontium oxide
SrTiO3,Strontium titanate
S2F10,Disulfur decafluoride
H2S,Hydrogen sulfide (sulfane)
H2S2O7,Pyrosulfuric acid
H3NO3S,Sulfamic acid
Br2S,Sulfur dibromide
SO2,Sulfur dioxide
SF6,Sulfur hexafluoride
SF4,Sulfur tetrafluoride
H2SO4,Sulfuric acid
H2SO3,Sulfurous acid
SO2Cl2,Sulfuryl chloride
S4N4,Tetrasulfur tetranitride
H2SO5,Persulfuric acid (Caro's acid)
TaC,Tantalum carbide
TaF5,Tantalum pentafluoride
Ta2O5,Tantalum oxide
TcF6,Technetium hexafluoride
Te2Br,Ditellurium bromide
H6TeO6,Telluric acid
TeO2,Tellurium dioxide
TeF6,Tellurium hexafluoride
TeBr4,Tellurium tetrabromide
TeCl4,Tellurium tetrachloride
TeF4,Tellurium tetrafluoride
TeI4,Tellurium tetraiodide
H2TeO3,Tellurous acid
TiBr,Thallium bromide
Tl2CO3,Thallium carbonate
TlF,Thallium fluoride
Tl2SO4,Thallium sulfate
Tl2O3,Thallium oxide
Tl2(SO4)2,Thallium sulfate
TlI3,Thallium triiodide
SOCl2,Thionyl chloride
SOF4,Thionyl tetrafluoride
CSCl2,Thiophosgene
Cl3PS,Thiophosphoryl chloride
Th(NO3)4,Thorium nitrate
Th(SO4)2,Thorium sulfate
ThO2,Thorium dioxide
ThF4,Thorium tetrafluoride
TmBr3,Thulium bromide
TmCl3,Thulium chloride
Tm2O3,Thulium oxide
SnH4,Stannate
SnBr2,Tin bromide
SnCl2,Tin chloride (stannous chloride)
SnF2,Tin fluoride
Sn(OH)2,Tin hydroxide
SnI2,Tin iodide
SnO,Tin oxide
SnSO4,Tin sulfate
SnS,Tin sulfide
SnBr4,Tin bromide
SnCl4,Tin chloride
SnF4,Tin fluoride
SnI4,Tin iodide
SnO2,Tin oxide
SnS2,Tin sulfide
SnSe2,Tin selenide
SnTe,Tin telluride
(H3O)2[TiF6],Hexafluorotitanic acid
TiCl2,Titanium chloride
TiO,Titanium oxide
TiS,Titanium sulfide
TiBr3,Titanium bromide
TiCl3,Titanium chloride
TiF3,Titanium fluoride
TiI3,Titanium iodide
Ti2O3,Titanium oxide
TiP,Titanium phosphide
TiBr4,Titanium bromide (titanium tetrabromide)
TiC,Titanium carbide
TiCl4,Titanium chloride (titanium tetrachloride)
TiH4,Titanium hydride
TiI4,Titanium iodide (titanium tetraiodide)
TiC,Titanium carbide
TiB2,Titanium diboride
TiO2,Titanium dioxide (titanium oxide)
TiSe2,Titanium diselenide
TiSi2,Titanium disilicide
TiS2,Titanium disulfide
Ti(NO3)4,Titanium nitrate
TiN,Titanium nitride
Ti(ClO4)4,Titanium perchlorate
Ti3SiC2,Titanium silicon carbide
TiBr4,Titanium tetrabromide
TiF4,Titanium tetrafluoride
TiI4,Titanium tetraiodide
TiOSO4,Titanyl sulfate
WCl6,Tungsten chloride
WF6,Tungsten fluoride
WB2,Tungsten boride
WC,Tungsten carbide
H2WO4,Tungstic acid
W(CO)6,Tungsten hexacarbonyl
U3O8,Triuranium octaoxide
UF6,Uranium hexafluoride
UF5,Uranium pentafluoride
U(SO4)2,Uranium sulfate
UCl4,Uranium tetrachloride
UF4,Uranium tetrafluoride
UO2CO3,Uranyl carbonate
UO2Cl2,Uranyl chloride
UO2F2,Uranyl fluoride
UO2(OH)2,Uranyl hydroxide
(UO2)2(OH)4,Uranyl hydroxide
UO2(NO3)2,Uranyl nitrate
UO2SO4,Uranyl sulfate
VCl2,Vanadium chloride
VO,Vanadium oxide
VBr3,Vanadium bromide
VCl3,Vanadium chloride
VF3,Vanadium fluoride
VN,Vanadium nitride
V2O3,Vanadium oxide
VCl4,Vanadium chloride
VO2,Vanadium oxide
VOSO4,Vanadium sulfate
V2O5,Vanadium oxide
VC,Vanadium carbide
VOCl3,Vanadium oxytrichloride
VF5,Vanadium pentafluoride
VCl4,Vanadium tetrachloride
VF4,Vanadium tetrafluoride
H2O,Water
H4XeO6,Perxenic acid
XeF2,Xenon difluoride
XeF6,Xenon hexafluoride
Xe[PtF6],Xenon hexafluoroplatinate
XeF4,Xenon tetrafluoride
XeO4,Xenon tetroxide
H2XeO4,Xenic acid
YbCl3,Ytterbium chloride
Yb2O3,Ytterbium oxide
Yb2(SO4)3,Ytterbium sulfate
YSb,Yttrium antimonide
YAsO4,Yttrium arsenate
YAs,Yttrium arsenide
YBr3,Yttrium bromide
YF3,Yttrium fluoride
Y2O3,Yttrium oxide
Y(NO3)3,Yttrium nitrate
Y2S3,Yttrium sulfide
Y2(SO4)3,Yttrium sulfate
Y3Al5O12,Yttrium aluminium garnet
YBa2Cu3O7,Yttrium barium copper oxide
YCd,Yttrium cadmium
YCu,Yttrium copper
YAu,Yttrium gold
YIr,Yttrium iridium
Y3Fe5O12,Yttrium iron garnet
YMg,Yttrium magnesium
YPO4,Yttrium phosphate
YP,Yttrium phosphide
YRh,Yttrium rhodium
YAg,Yttrium silver
YZn,Yttrium zinc
ZnBr2,Zinc bromide
ZnCO3,Zinc carbonate
ZnCl2,Zinc chloride
Zn(CN)2,Zinc cyanide
ZnF2,Zinc fluoride
ZnI2,Zinc iodide
Zn(NO3)2,Zinc nitrate
ZnO,Zinc oxide
Zn2P2O7,Zinc pyrophosphate
ZnSeO4,Zinc selenate
ZnSe,Zinc selenide
ZnSeO3,Zinc selenite
Zn(SeCN)2,Zinc selenocyanate
ZnSO4,Zinc sulfate
ZnS,Zinc sulfide
ZnSO3,Zinc sulfite
ZnTe,Zinc telluride
Zn(SCN)2,Zinc thiocyanate
ZnWO4,Zinc tungstate
ZrO2·nH2O,Zirconia hydrate
ZrB2,Zirconium boride
ZrC,Zirconium carbide
ZrCl4,Zirconium chloride
ZrO2,Zirconium oxide
Zr(OH)4,Zirconium hydroxide
ZrSiO4,Zirconium orthosilicate
ZrN,Zirconium nitride
ZrF4,Zirconium tetrafluoride
H4O4Zr,Zirconium tetrahydroxide
ZrW2O8,Zirconium tungstate
ZrOBr2,Zirconyl bromide
ZrOCl2,Zirconyl chloride
ZrO(NO3)2,Zirconyl nitrate
ZrOSO4,Zirconyl sulfate
ClO,Hypochlorite
ClO2,Chlorite
ClO3,Chlorate
ClO4,Perchlorate
BrO,Hypobromite
BrO2,Bromite
BrO3,Bromate
BrO4,Perbromate
IO,Hypoiodite
IO2,Iodite
IO3,Iodate
IO4,Periodate
OH,Hydroxide
NO2,Nitrite
NO3,Nitrate
HCO3,Bicarbonate [Hydrogen carbonate]
HSO3,Bisulfite [Hydrogen sulfite]
HSO4,Bisulfate [Hydrogen sulfate]
H2PO4,Dihydrogen phosphate
CN,Cyanide
CNO,Cyanate
SCN,Thiocyanate
MnO4,Permanganate
C2H3O2,Acetate
O2,Peroxide
CO3,Carbonate
SO3,Sulfite
SO4,Sulfate
S2O3,Thiosulfate
HPO4,Biphosphate [Hydrogen phosphate]
CrO4,Chromate
Cr2O7,Dichromate
C2O4,Oxalate
PO3,Phosphite
PO4,Phosphate
Hydrogen,H(1)
Helium,He(2)
Lithium,Li(3)
Beryllium,Be(4)
Boron,B(5)
Carbon,C(6)
Nitrogen,N(7)
Oxygen,O(8)
Fluorine,F(9)
Neon,Ne(10)
Sodium,Na(11)
Magnesium,Mg(12)
Aluminum,Al(13)
Silicon,Si(14)
Phosphorus,P(15)
Sulfur,S(16)
Chlorine,Cl(17)
Argon,Ar(18)
Potassium,K(19)
Calcium,Ca(20)
Scandium,Sc(21)
Titanium,Ti(22)
Vanadium,V(23)
Chromium,Cr(24)
Manganese,Mn(25)
Iron,Fe(26)
Cobalt,Co(27)
Nickel,Ni(28)
Copper,Cu(29)
Zinc,Zn(30)
Gallium,Ga(31)
Germanium,Ge(32)
Arsenic,As(33)
Selenium,Se(34)
Bromine,Br(35)
Krypton,Kr(36)
Rubidium,Rb(37)
Strontium,Sr(38)
Yttrium,Y(39)
Zirconium,Zr(40)
Niobium,Nb(41)
Molybdenum,Mo(42)
Technetium,Tc(43)
Ruthenium,Ru(44)
Rhodium,Rh(45)
Palladium,Pd(46)
Silver,Ag(47)
Cadmium,Cd(48)
Indium,In(49)
Tin,Sn(50)
Antimony,Sb(51)
Tellurium,Te(52)
Iodine,I(53)
Xenon,Xe(54)
Cesium,Cs(55)
Barium,Ba(56)
Lanthanum,La(57)
Cerium,Ce(58)
Praseodymium,Pr(59)
Neodymium,Nd(60)
Promethium,Pm(61)
Samarium,Sm(62)
Europium,Eu(63)
Gadolinium,Gd(64)
Terbium,Tb(65)
Dysprosium,Dy(66)
Holmium,Ho(67)
Erbium,Er(68)
Thulium,Tm(69)
Ytterbium,Yb(70)
Lutetium,Lu(71)
Hafnium,Hf(72)
Tantalum,Ta(73)
Tungsten,W(74)
Rhenium,Re(75)
Osmium,Os(76)
Iridium,Ir(77)
Platinum,Pt(78)
Gold,Au(79)
Mercury,Hg(80)
Thallium,Tl(81)
Lead,Pb(82)
Bismuth,Bi(83)
Polonium,Po(84)
Astatine,At(85)
Radon,Rn(86)
Francium,Fr(87)
Radium,Ra(88)
Actinium,Ac(89)
Thorium,Th(90)
Protactinium,Pa(91)
Uranium,U(92)
Neptunium,Np(93)
Plutonium,Pu(94)
Americium,Am(95)
Curium,Cm(96)
Berkelium,Bk(97)
Californium,Cf(98)
Einsteinium,Es(99)
Fermium,Fm(100)
Mendelevium,Md(101)
Nobelium,No(102)
Lawrencium,Lr(103)
Rutherfordium,Rf(104)
Dubnium,Db(105)
Seaborgium,Sg(106)
Bohrium,Bh(107)
Hassium,Hs(108)
Meitnerium,Mt(109)
Hypochlorite,ClO¹⁻
Chlorite,ClO2¹⁻
Chlorate,ClO3¹⁻
Perchlorate,ClO4¹⁻
Hypobromite,BrO¹⁻
Bromite,BrO2¹⁻
Bromate,BrO3¹⁻
Perbromate,BrO4¹⁻
Hypoiodite,IO¹⁻
Iodite,IO2¹⁻
Iodate,IO3¹⁻
Periodate,IO4¹⁻
Hydroxide,OH¹⁻
Nitrite,NO2¹⁻
Nitrate,NO3¹⁻
Bicarbonate,HCO3¹⁻
Bisulfite,HSO3¹⁻
Bisulfate,HSO4¹⁻
Dihydrogen phosphate,H2PO4¹⁻
Cyanide,CN¹⁻
Cyanate,CNO¹⁻
Thiocyanate,SCN¹⁻
Permanganate,MnO4¹⁻
Acetate,C2H3O2¹⁻
Peroxide,O2²⁻
Carbonate,CO3²⁻
Sulfite,SO3²⁻
Sulfate,SO4²⁻
Thiosulfate,S2O3²⁻
Biphosphate,HPO4²⁻
Chromate,CrO4²⁻
Dichromate,Cr2O7²⁻
Oxalate,C2O4²⁻
Phosphite,PO3³⁻
Phosphate,PO4³⁻
Aluminium antimonide,AlSb
Aluminium arsenate,AlAsO4.8H2O
Aluminium arsenide,AlAs
Aluminium boride,AlB2
Aluminium bromide,AlBr3
Aluminium carbide,Al4C3
Aluminium iodide,AlI3
Aluminium nitride,AlN
Aluminium oxide,Al2O3
Aluminium phosphide,AlP
Aluminium chloride,AlCl3
Aluminium fluoride,AlF3
Aluminium hydroxide,Al(OH)3
Aluminium nitrate,Al(NO3)3
Aluminium sulfide,Al2S3
Aluminium sulfate,Al2(SO4)3
Aluminium potassium sulfate,AlK(SO4)2
Ammonia,NH3
Ammonium azide,NH4N3
Ammonium bicarbonate,NH4HCO3
Ammonium bisulfate,NH4HSO4
Ammonium chromate,(NH4)2CrO4
Ammonium cerium nitrate,(NH4)2Ce(NO3)6
Ammonium cerium sulfate,(NH4)4Ce(SO4)4
Ammonium chloride,NH4Cl
Ammonium chlorate,NH4ClO3
Ammonium cyanide,NH4CN
Ammonium dichromate,(NH4)2Cr2O7
Ammonium dihydrogen phosphate,NH4H2PO4
Ammonium hydroxide,NH4OH
Ammonium hexachloroplatinate,(NH4)2(PtCl6)
Ammonium nitrate,NH4NO3
Ammonium orthomolybdate,(NH4)2MoO4
Ammonium sulfamate,H6N2O3S
Ammonium sulfide,(NH4)2S
Ammonium sulfite,(NH4)2SO3
Ammonium sulfate,(NH4)2SO4
Ammonium perchlorate,NH4ClO4
Ammonium permanganate,NH4MnO4
Ammonium persulfate,(NH4)2S2O8
Ammonium tetrathiocyanatodiamminechromate(III),NH4[Cr(SCN)4(NH3)2]
Ammonium thiocyanate,NH4SCN
Ammonium triiodide,NH4I3
Diammonium dioxido(dioxo)molybdenum,H8MoN2O4[1]
Diammonium phosphate,(NH4)2HPO4
Antimony hydride,SbH3
Antimony pentachloride,SbCl5
Antimony pentafluoride,SbF5
Antimony potassium tartrate,K2Sb2(C4H2O6)2
Antimony sulfate,Sb2(SO4)3
Antimony trifluoride,SbF3
Antimony trioxide,Sb2O3
Antimony trisulfide,Sb2S3
Antimony pentasulfide,Sb2S5
Argon fluorohydride,HArF
Arsenic trifluoride,AsF3
Arsenic pentafluoride,AsF5
Arsenic trioxide,As2O3
Arsenous acid,As(OH)3
Arsenic acid,AsO(OH)3
Arsine,AsH3
Barium azide,Ba(N3)2
Barium bromide,BaBr2
Barium carbonate,BaCO3
Barium chlorate,Ba(ClO3)2
Barium chloride,BaCl2
Barium chromate,BaCrO4
Barium ferrate,BaFeO4
Barium ferrite,BaFe12O19
Barium fluoride,BaF2
Barium hydroxide,Ba(OH)2
Barium iodide,BaI2
Barium manganate,BaMnO4
Barium nitrate,Ba(NO3)2
Barium oxalate,Ba(C2O4)
Barium oxide,BaO
Barium permanganate,Ba(MnO4)2
Barium peroxide,BaO2
Barium sulfate,BaSO4
Barium sulfide,BaS
Barium titanate,BaTiO3
Beryllium borohydride,Be(BH4)2
Beryllium bromide,BeBr2
Beryllium carbonate,BeCO3
Beryllium chloride,BeCl2
Beryllium fluoride,BeF2
Beryllium hydride,BeH2
Beryllium hydroxide,Be(OH)2
Beryllium iodide,BeI2
Beryllium nitrate,Be(NO3)2
Beryllium nitride,Be3N2
Beryllium oxide,BeO
Beryllium sulfate,BeSO4
Beryllium sulfite,BeSO3
Beryllium telluride,BeTe
Bismuth oxide,Bi2O3
Bismuth telluride,Bi2Te3
Bismuth ferrite,BeFeO3
Bismuth oxychloride,BiOCl
Bismuth pentafluoride,BiF5
Bismuth tribromide,BiBr3
Borane,BH3
Borax,Na2B4O7·10H2O
Boric acid,H3BO3
Boron carbide,B4C
Boron nitride,BN
Boron suboxide,B6O
Boron trichloride,BCl3
Boron trifluoride,BF3
Boron oxide,B2O3
Decaborane,B10H14
Diborane,B2H6
Diboron tetrafluoride,B2F4
Pentaborane,B5H9
Tetraborane,B4H10
Bromine monochloride,BrCl
Bromine pentafluoride,BrF5
Bromine trifluoride,BrF3
Perbromic acid,HBrO4
Cadmium arsenide,Cd3As2
Cadmium bromide,CdBr2
Cadmium chloride,CdCl2
Cadmium fluoride,CdF2
Cadmium iodide,CdI2
Cadmium nitrate,Cd(NO3)2
Cadmium oxide,CdO
Cadmium selenide,CdSe
Cadmium sulfate,CdSO4
Cadmium sulfide,CdS
Cadmium telluride,CdTe
Caesium bicarbonate,CsHCO3
Caesium carbonate,Cs2CO3
Caesium chloride,CsCl
Caesium chromate,Cs2CrO4
Caesium fluoride,CsF
Caesium hydride,CsH
Caesium hydrogen sulfate,CsHSO4
Caesium sulfate,Cs2SO4
Calcium bromide,CaBr2
Calcium carbide,CaC2
Calcium carbonate,CaCO3
Calcium chlorate,Ca(ClO3)2
Calcium chloride,CaCl2
Calcium chromate,CaCrO4
Calcium cyanamide,CaCN2
Calcium fluoride,CaF2
Calcium hydride,CaH2
Calcium hydroxide,Ca(OH)2
Calcium monosilicide,CaSi
Calcium oxalate,Ca(C2O4)
Calcium oxychloride,CaOCl2
Calcium perchlorate,Ca(ClO4)2
Calcium permanganate,Ca(MnO4)2
Calcium sulfate,CaSO4
Carbon dioxide,CO2
Carbon disulfide,CS2
Carbon monoxide,CO
Carbon tetrabromide,CBr4
Carbon tetrachloride,CCl4
Carbon tetrafluoride,CF4
Carbon tetraiodide,CI4
Carbonic acid,H2CO3
Carbonyl chloride,COCl2
Carbonyl fluoride,COF2
Carbonyl sulfide,COS
Carboplatin,C6H12N2O4Pt
carborundum,SiC
Cerium bromide,CeBr3
Cerium carbonate,Ce2(CO3)3
Cerium chloride,CeCl3
Cerium fluoride,CeF3
Cerium hydroxide,Ce(OH)3
Cerium iodide,CeI3
Cerium nitrate,Ce(NO3)3
Cerium oxide,Ce2O3
Cerium sulfate,Ce2(SO4)3
Cerium hydroxide,Ce(OH)4
Cerium nitrate,Ce(NO3)4
Cerium oxide,CeO2
Cerium sulfate,Ce(SO4)2
"Cerium(III,IV) oxide",Ce3O4
Ceric ammonium nitrate,(NH4)2Ce(NO3)6
Cerium hexaboride,CeB6
Cerium aluminium,CeAl
Cerium cadmium,CeCd
Cerium magnesium,CeMg
Cerium mercury,CeHg
Cerium silver,CeAg
Cerium thallium,CeTl
Cerium zinc,CeZn
Chloric acid,HClO3
Chlorine azide,ClN3
Chlorine dioxide,ClO2
Chlorine monofluoride,ClF
Chlorine monoxide,ClO
Chlorine pentafluoride,ClF5
Chlorine perchlorate,Cl2O4
Chlorine tetroxide,O3ClOOClO3
Chlorine trifluoride,ClF3
Chlorine trioxide,ClO3
Chloroplatinic acid,H2PtCl6
Chloryl fluoride,ClO2F
Cisplatin,PtCl2(NH3)2
Dichlorine monoxide,Cl2O
Dichlorine dioxide,Cl2O2
Dichlorine trioxide,Cl2O3
Dichlorine tetroxide,ClOClO3
Dichlorine hexoxide,Cl2O6
Dichlorine heptoxide,Cl2O7
Dichlorosilane,SiH2Cl
Perchloric acid,HClO4
Perchloryl fluoride,ClO3F
Tetrachloroauric acid,HAuCl4
Chromic acid,CrO3
Chromium trioxide,CrO3
Chromium chloride,CrCl2 (also chromous chloride)
Chromium sulfate,CrSO4
Chromium chloride,CrCl3
Chromium nitrate,Cr(NO3)3
Chromium oxide,Cr2O3
Chromium sulfate,Cr2(SO4)3
Chromium telluride,Cr2Te3
Chromium oxide,CrO2
Chromium pentafluoride,CrF5
Chromyl chloride,CrO2Cl2
Chromyl fluoride,CrO2F2
Cobalt bromide,CoBr2
Cobalt carbonate,CoCO3
Cobalt chloride,CoCl2
Cobalt nitrate,Co(NO3)2
Cobalt sulfate,CoSO4
Cobalt fluoride,CoF3
Copper acetylide,Cu2C2
Copper chloride,CuCl
Copper fluoride,CuF
Copper oxide,Cu2O
Copper sulfate,CuSO4
Copper sulfide,Cu2S
Copper azide,Cu(N3)2
Copper carbonate,CuCO3
Copper chloride,CuCl2
Copper hydroxide,Cu(OH)2
Copper nitrate,Cu(NO3)2
Copper oxide,CuO
Copper sulfate,CuSO4 and the pentahydrate CuSO4·5H2O
Copper sulfide,CuS
Copper oxychloride,H3ClCu2O3[2]
Tetramminecopper sulfate,[Cu(NH3)4]SO4
Cyanogen bromide,CNBr
Cyanogen chloride,CNCl
Cyanogen iodide,ICN
Cyanogen,(CN)2
Cyanuric chloride,C3Cl3N3
Cyanogen thiocyanate,CNSCN[3]
Cyanogen selenocyanate,CNSeCN[3]
Cyanogen azide,CNN3[3]
Disilane,Si2H6
Disulfur dichloride,S2Cl2
Dysprosium chloride,DyCl3
Dysprosium oxide,Dy2O3
Dysprosium titanate,Dy2Ti2O7
Erbium chloride,ErCl3
Erbium-copper,ErCu
Erbium-gold,ErAu
Erbium-silver,ErAg
Erbium-Iridium,ErIr
Europium chloride,EuCl2
Europium sulfate,EuSO4
Europium bromide,EuBr3
Europium chloride,EuCl3
Europium iodate,Eu(IO3)3
Europium iodide,EuI3
Europium nitrate,Eu(NO3)3
Europium oxide,Eu2O3
Europium perchlorate,Eu(ClO4)3
Europium sulfate,Eu2(SO4)3
Europium vanadate,EuVO4
Tetrafluorohydrazine,N2F4
Trifluoromethylisocyanide,C2NF3
Trifluoromethanesulfonic acid,CF3SO3H
Gadolinium chloride,GdCl3
Gadolinium oxide,Gd2O3
Gallium antimonide,GaSb
Gallium arsenide,GaAs
Gallium fluoride,GaF3
Gallium trichloride,GaCl3
Gallium nitride,GaN
Gallium phosphide,GaP
Gallium sulfide,GaS
Gallium sulfide,Ga2S3
Digermane,Ge2H6
Germane,GeH4
Germanium bromide,GeBr2
Germanium chloride,GeCl2
Germanium fluoride,GeF2
Germanium iodide,GeI2
Germanium oxide,GeO
Germanium selenide,GeSe
Germanium sulfide,GeS
Germanium bromide,GeBr4
Germanium chloride,GeCl4
Germanium fluoride,GeF4
Germanium iodide,GeI4
Germanium nitride,Ge3N4
Germanium oxide,GeO2
Germanium selenide,GeSe2
Germanium sulfide,GeS2
Germanium difluoride,GeF2
Germanium dioxide,GeO2
Germanium tetrachloride,GeCl4
Germanium tetrafluoride,GeF4
Germanium telluride,GeTe
Gold bromide,AuBr
Gold chloride,AuCl
Gold hydride,AuH
Gold iodide,AuI
Gold selenide,Au2Se
Gold sulfide,Au2S
Gold bromide,(AuBr3)2
Gold chloride,(AuCl3)2
Gold fluoride,AuF3
Gold iodide,AuI3
Gold oxide,Au2O3
Gold selenide,Au2Se3
Gold sulfide,Au2S3
Gold fluoride,AuF5
"Gold(I,III) chloride",Au4Cl8
Gold ditelluride,AuTe2
Gold heptafluoride,AuF5·F2
Hafnium bromide,HfBr4
Hafnium carbide,HfC
Hafnium chloride,HfCl4
Hafnium fluoride,HfF4
Hafnium iodide,HfI4
Hafnium oxide,HfO2
Hafnium silicate,HfSiO4
Hafnium sulfide,HfS2
Hexadecacarbonylhexarhodium,Rh6(CO)16
Hexafluorosilicic acid,H2F6Si
Hydrazine,N2H4
Hydrazoic acid,HN3
Hydroiodic acid,HI
Hydrogen bromide,HBr
Hydrogen chloride,HCl
Hydrogen cyanide,HCN
Hydrogen fluoride,HF
Hydrogen peroxide,H2O2
Hydrogen selenide,H2Se
Hydrogen sulfide,H2S
Hydrogen telluride,H2Te
Hydroxylamine,NH2OH
Hypobromous acid,HBrO
Hypochlorous acid,HClO
Hypophosphorous acid,H3PO2
Metaphosphoric acid,HPO3
Protonated molecular hydrogen,H3+
Trioxidane,H2O3
Sodium helide,Na2He
Indium bromide,InBr
Indium bromide,InBr3
Indium chloride,InCl3
Indium fluoride,InF3
Indium oxide,In2O3
Indium sulfate,In2(SO4)3
Indium antimonide,InSb
Indium arsenide,InAs
Indium nitride,InN
Indium phosphide,InP
Iodic acid,HIO3
Iodine heptafluoride,IF7
Iodine pentafluoride,IF5
Iodine monochloride,ICl
Iodine trichloride,ICl3
Periodic acid,HIO4
Iridium chloride,IrCl4
Iridium fluoride,IrF5
Iridium hexafluoride,IrF6
Iridium tetrafluoride,IrF4
Columbite,Fe2 Nb2O6
Iron chloride,FeCl2 including hydrate
Iron oxalate,FeC2O4
Iron oxide,FeO
Iron selenate,FeSeO4
Iron sulfate,FeSO4
Iron chloride,FeCl3
Iron fluoride,FeF3
Iron oxalate,C6Fe2O12
Iron oxide,Fe2O3
Iron nitrate,Fe(NO3)3(H2O)9
Iron sulfate,Fe2(SO4)3
Iron thiocyanate,Fe(SCN)3
"Iron(II,III) oxide",Fe3O4
Iron ferrocyanide,Fe7(CN)18
Prussian blue,Fe4[Fe(CN)6]3
Krypton difluoride,KrF2
Lanthanum aluminium,LaAl
Lanthanum cadmium,LaCd
Lanthanum carbonate,La2(CO3)3
Lanthanum magnesium,LaMg
Lanthanum manganite,LaMnO3
Lanthanum mercury,LaHg
Lanthanum silver,LaAg
Lanthanum tallium,LaTl
Lanthanum zinc,LaZn
Lead azide,Pb(N3)2
Lead bromide,PbBr2
Lead carbonate,Pb(CO3)
Lead chloride,PbCl2
Lead fluoride,PbF 2
Lead hydroxide,Pb(OH)2
Lead iodide,PbI2
Lead nitrate,Pb(NO3)2
Lead oxide,PbO
Lead phosphate,Pb3(PO4)2
Lead sulfate,Pb(SO4)
Lead selenide,PbSe
Lead sulfide,PbS
Lead telluride,PbTe
Lead thiocyanate,Pb(CNS)2
"Lead(II,IV) oxide",Pb3O4
Lead oxide,PbO2
Lead sulfide,PbS2
Lead hydrogen arsenate,PbHAsO4
Lead styphnate,C6HN3O8Pb
Lead tetrachloride,PbCl4
Lead tetrafluoride,PbF4
Lead tetroxide,Pb3O4[4]
Lead titanate,PbTiO3
Lead zirconate titanate,Pb[TixZr1–x]O3
Plumbane,PbH4
Lithium tetrachloroaluminate,LiAlCl4
Lithium aluminium hydride,LiAlH4
Lithium bromide,LiBr
Lithium borohydride,LiBH4
Lithium carbonate,Li2CO3
Lithium chloride,LiCl
Lithium hypochlorite,LiClO
Lithium chlorate,LiClO3
Lithium perchlorate,LiClO4
Lithium cobalt oxide,LiCoO2
Lithium oxide,Li2O
Lithium peroxide,Li2O2
Lithium hydride,LiH
Lithium hydroxide,LiOH
Lithium iodide,LiI
Lithium iron phosphate,FeLiO4P
Lithium nitrate,LiNO3
Lithium sulfide,Li2S
Lithium sulfite,Li2SO3
Lithium sulfate,Li2SO4
Lithium superoxide,LiO2
Lithium hexafluorophosphate,LiPF4
Magnesium antimonide,MgSb
Magnesium bromide,MgBr2
Magnesium carbonate,MgCO3
Magnesium chloride,MgCl2
Magnesium citrate,C6H6MgO7
Magnesium oxide,MgO
Magnesium perchlorate,Mg(ClO4)2
Magnesium phosphate,Mg3(PO4)2
Magnesium sulfate,MgSO4
Manganese bromide,MnBr2
Manganese chloride,MnCl2
Manganese hydroxide,Mn(OH)2
Manganese oxide,MnO
Manganese phosphate,Mn3(PO4)2
Manganese sulfate,MnSO4
Manganese sulfate monohydrate,MnSO4.H2O
Manganese chloride,MnCl3
Manganese oxide,Mn2O3
Manganese fluoride,MnF4
Manganese oxide,MnO2
"Manganese(II,III) oxide",Mn3O4
Manganese dioxide,MnO2
Manganese heptoxide,Mn2O7
Mercury chloride,Hg2Cl2
Mercury sulfate,Hg2SO4
Mercury chloride,HgCl2
Mercury hydride,MgH2
Mercury selenide,HgSe
Mercury sulfate,HgSO4
Mercury sulfide,HgS
Mercury telluride,HgTe
Mercury thiocyanate,Hg(SCN)2
Mercury fluoride,HgF4
Mercury fulminate,Hg(ONC)2
Molybdenum bromide,MoBr2
Molybdenum chloride,Mo6Cl12
Molybdenum bromide,MoBr3
Molybdenum chloride,MoCl3
Molybdenum carbide,MoC
Molybdenum chloride,MoCl4
Molybdenum fluoride,MoF4
Molybdenum chloride,Mo2Cl10
Molybdenum fluoride,MoF5
Molybdenum disulfide,MoS2
Molybdenum hexacarbonyl,Mo(CO)6
Molybdenum hexafluoride,MoF6
Molybdenum tetrachloride,MoCl4
Molybdenum trioxide,MoO3
Molybdic acid,H2MoO4
Neodymium chloride,NdCl3
Neptunium fluoride,NpF3
Neptunium fluoride,NpF4
Neptunium oxide,NpO2
Neptunium fluoride,NpF6
Nickel carbonate,NiCO3
Nickel chloride,NiCl2 and hexahydrate
Nickel fluoride,NiF2
Nickel hydroxide,Ni(OH)2
Nickel nitrate,Ni(NO3)2
Nickel oxide,NiO
Nickel sulfamate,Ni(SO3NH2)2
Nickel sulfide,NiS
Niobium fluoride,NbF4
Niobium fluoride,NbF5
Niobium oxychloride,NbOCl3
Niobium pentachloride,NbCl5
Dinitrogen pentoxide,N2O5
Dinitrogen tetrafluoride,N2F4
Dinitrogen tetroxide,N2O4
Dinitrogen trioxide,N2O3
Nitric acid,HNO3
Nitrous acid,HNO2
Nitrogen dioxide,NO2
Nitrogen monoxide,NO
Nitrous oxide,"N2O (dinitrogen monoxide, laughing gas, NOS)"
Nitrogen pentafluoride,NF5
Nitrogen triiodide,NI3
Nitrosonium octafluoroxenate(VI),(NO)
Nitrosonium tetrafluoroborate,NOBF4
Nitrosylsulfuric acid,NOHSO4
Osmium hexafluoride,OsF6
Osmium tetroxide,OsO4
Osmium trioxide,OsO3
Oxybis(tributyltin),C24H54OSn2
Oxygen difluoride,OF2
Palladium chloride,PdCl2
Palladium nitrate,Pd(NO3)2
"Palladium(II,IV) fluoride",PdF3
Palladium sulfate,PdSO4[5]
Palladium tetrafluoride,PdF4
Diphosphorus tetrachloride,P2Cl4
Diphosphorus tetrafluoride,P2F4
Diphosphorus tetraiodide,P2I4
Phosphine,PH3
Phosphomolybdic acid,H3PMo12O40
Phosphoric acid,H3PO4
Phosphorous acid,H3PO3
Phosphorus pentabromide,PBr5
Phosphorus pentafluoride,PF5
Phosphorus pentasulfide,P4S10
Phosphorus pentoxide,P2O5
Phosphorus sesquisulfide,P4S3
Phosphorus tribromide,PBr3
Phosphorus trichloride,PCl3
Phosphorus trifluoride,PF3
Phosphorus triiodide,PI3
Phosphotungstic acid,H3PW12O40
Platinum chloride,PtCl2
Platinum chloride,PtCl4
Platinum hexafluoride,PtF6
Platinum pentafluoride,PtF5
Platinum tetrafluoride,PtF4
Plutonium chloride,PuCl3
Plutonium dioxide,PuO2
Plutonium tetrafluoride,PuF4
Polonium hexafluoride,PoF6
Potash Alum,K2SO4.Al2(SO4)3·24H2O
Potassium aluminium fluoride,KAlF4
Potassium amide,KNH2
Potassium argentocyanide,KAg(CN)2
Potassium arsenite,KAsO2
Potassium azide,KN3
Potassium borate,K2B4O7•4H2O
Potassium bromide,KBr
Potassium bicarbonate,KHCO3
Potassium bifluoride,KHF2
Potassium bisulfite,KHSO3
Potassium carbonate,K2CO3
Potassium calcium chloride,KCaCl3
Potassium chlorate,KClO3
Potassium chloride,KCl
Potassium chlorite,KClO2
Potassium chromate,K2CrO4
Potassium cyanide,KCN
Potassium dichromate,K2Cr2O7
Potassium dithionite,K2S2O4
Potassium ferrate,K2FeO4
Potassium ferrioxalate,K3[Fe(C2O4)3]
Potassium ferricyanide,K3[Fe(CN)]6
Potassium ferrocyanide,K4[Fe(CN)]6
Potassium heptafluorotantalate,K2[TaF7]
Potassium hexafluorophosphate,KPF6
Potassium hydrogen carbonate,KHCO3
Potassium hydrogen fluoride,KHF2
Potassium hydroxide,KOH
Potassium iodide,KI
Potassium iodate,KIO3
Potassium manganate,K2MnO4
Potassium monopersulfate,K2SO4·KHSO4·2KHSO5
Potassium nitrate,KNO3
Potassium perbromate,KBrO4
Potassium perchlorate,KClO4
Potassium periodate,KIO4
Potassium permanganate,KMnO4
Potassium sodium tartrate,KNaC4H4O6
Potassium sulfate,K2SO4
Potassium sulfite,K2SO3
Potassium sulfide,K2S
Potassium tartrate,K2C4H4O6
Potassium tetraiodomercurate(II),K2HgI4
Potassium thiocyanate,KSCN
Potassium titanyl phosphate,KTiOPO4
Potassium vanadate,KVO3
Tripotassium phosphate,K3PO4
Praseodymium chloride,PrCl3
Praseodymium sulfate,Pr2(SO4)3
Promethium chloride,PmCl3
Promethium oxide,Pm2O3
Radium bromide,RaBr2
Radium chloride,RaCl2
Radon difluoride,RnF2
Rhenium oxide,ReO2
Rhenium oxide,Re2O7
Rhenium heptafluoride,ReF7
Rhenium hexafluoride,ReF6
Rhodium chloride,RhCl3
Rhodium hexafluoride,RhF6
Rubidium azide,RbN3
Rubidium bromide,RbBr
Rubidium chloride,RbCl
Rubidium fluoride,RbF
Rubidium hydrogen sulfate,RbHSO4
Rubidium hydroxide,RbOH
Rubidium iodide,RbI
Rubidium nitrate,RbNO3
Rubidium oxide,Rb2O
Rubidium telluride,Rb2Te
Ruthenium hexafluoride,RuF6
Ruthenium pentafluoride,RuF5
Ruthenium oxide,RuO4
Samarium iodide,SmI2
Samarium chloride,SmCl3
Samarium oxide,Sm2O3
Scandium fluoride,ScF3
Scandium nitrate,Sc(NO3)3
Scandium oxide,Sc2O3
Scandium triflate,Sc(OSO2CF3)3
Selenic acid,H2SeO4
Selenious acid,H2SeO3
Selenium dibromide,SeBr2
Selenium dioxide,SeO2
Selenium disulfide,SeS2
Selenium hexafluoride,SeF6
Selenium hexasulfide,Se2S6
Selenium oxybromide,SeOBr2
Selenium oxydichloride,SeOCl2
Selenium tetrachloride,SeCl4
Selenium tetrafluoride,SeF4
Selenium trioxide,SeO3
Selenoyl fluoride,SeO2F2
Silane,SiH4
Silica gel,SiO2·nH2O
Silicic acid,[SiOx(OH)4–2x]n
"Silicochloroform, trichlorosilane",Cl3HSi
Silicofluoric acid,H2SiF6
Silicon boride,SiB3
Silicon carbide,SiC
Silicon dioxide,SiO2
Silicon monoxide,SiO
Silicon nitride,Si3N4
Silicon tetrabromide,SiBr4
Silicon tetrachloride,SiCl4
Silicon tetrafluoride,SiF4
Silicon tetraiodide,SiI4
Thortveitite,"(Sc,Y)2Si2O7"
Silver fluoride,AgF
Silver fluoride,AgF2
Silver acetylide,Ag2C2
Silver argentocyanide,KAg(CN)2
Silver azide,AgN3
Silver bromate,AgBrO3
Silver bromide,AgBr
Silver chlorate,AgClO3
Silver chloride,AgCl
Silver chromate,Ag2CrO4
Silver fluoroborate,AgBF4
Silver fulminate,AgCNO
Silver hydroxide,AgOH
Silver iodide,AgI
Silver nitrate,AgNO3
Silver nitride,Ag3N
Silver oxide,Ag2O
Silver perchlorate,AgClO4
Silver permanganate,AgMnO4
Silver phosphate,Ag3PO4
Silver subfluoride,Ag2F
Silver sulfate,Ag2SO4
Silver sulfide,Ag2S
Sodamide,NaNH2
Sodium aluminate,NaAlO2
Sodium arsenate,H24Na3AsO16
Sodium azide,NaN3
Sodium bicarbonate,NaHCO3
Sodium biselenide,NaHSe
Sodium bisulfate,NaHSO4
Sodium bisulfite,NaHSO3
Sodium borate,Na
Sodium borohydride,NaBH4
Sodium bromate,NaBrO3
Sodium bromide,NaBr
Sodium bromite,NaBrO2
Sodium carbide,Na2C2
Sodium carbonate,Na2CO3
Sodium chlorate,NaClO3
Sodium chloride,NaCl
Sodium chlorite,NaClO2
Sodium cobaltinitrite,CoN6Na3O12[6]
Sodium cyanate,NaCNO
Sodium cyanide,NaCN
Sodium dichromate,Na2Cr2O7.2H2O
Sodium dioxide,NaO2
Sodium dithionite,Na2S2O4
Sodium ferrocyanide,Na4Fe(CN)6
Sodium fluoride,NaF
Sodium fluorosilicate,F6Na2Si
Sodium formate,HCOONa
Sodium hydride,NaH
Sodium bicarbonate,NaHCO3
Sodium hydrosulfide,NaSH
Sodium hydroxide,NaOH
Sodium hypobromite,NaBrO
Sodium hypochlorite,NaOCl
Sodium hypoiodite,NaIO
Sodium hypophosphite,NaPO2H2
Sodium iodate,NaIO3
Sodium iodide,NaI
Sodium manganate,Na2MnO4
Sodium molybdate,Na2MoO4
Sodium monofluorophosphate,Na2PFO3
Sodium nitrate,NaNO3
Sodium nitrite,NaNO2
Sodium nitroprusside,Na2[Fe(CN)5NO]·2H2O
Sodium oxide,Na2O
Sodium perborate,NaBO3·H2O
Sodium perbromate,NaBrO4
Sodium percarbonate,2Na2CO3·3H2O2
Sodium perchlorate,NaClO4
Sodium periodate,NaIO4
Sodium permanganate,NaMnO4
Sodium peroxide,Na2O2
Sodium peroxycarbonate,Na2CO4
Sodium perrhenate,NaReO4
Sodium persulfate,Na
Sodium persulfate,Na2S2O8
Sodium phosphate; see trisodium phosphate,Na3PO4
Sodium selenate,Na2O4Se
Sodium selenide,Na2Se
Sodium selenite,Na2SeO3
Sodium silicate,Na2SiO3
Sodium sulfate,Na2SO4
Sodium sulfide,Na2S
Sodium sulfite,Na2SO3
Sodium tartrate,C4H4Na2O6
Sodium tellurite,Na2TeO3
Sodium tetrachloroaluminate,NaAlCl
Sodium tetrafluoroborate,NaBF
Sodium thioantimoniate,Na3(SbS4).9H2O
Sodium thiocyanate,NaSCN
Sodium thiosulfate,Na2S2O3
Sodium tungstate,Na2WO4
Sodium uranate,Na2O7U2
Sodium zincate,H4Na2O4Zn[7]
Trisodium phosphate,Na3PO4
Strontium bromide,SrBr2
Strontium carbonate,SrCO3
Strontium chloride,SrCl2
Strontium fluoride,SrF2
Strontium hydroxide,Sr(OH)2
Strontium iodide,SrI2
Strontium nitrate,Sr(NO3)2
Strontium oxide,SrO
Strontium titanate,SrTiO3
Disulfur decafluoride,S2F10
Hydrogen sulfide,H2S
Pyrosulfuric acid,H2S2O7
Sulfamic acid,H3NO3S
Sulfur dibromide,Br2S
Sulfur dioxide,SO2
Sulfur hexafluoride,SF6
Sulfur tetrafluoride,SF4
Sulfuric acid,H2SO4
Sulfurous acid,H2SO3
Sulfuryl chloride,SO2Cl2
Tetrasulfur tetranitride,S4N4
Persulfuric acid,H2SO5
Tantalum carbide,TaC
Tantalum pentafluoride,TaF5
Tantalum oxide,Ta2O5
Technetium hexafluoride,TcF6
Ditellurium bromide,Te2Br
Telluric acid,H6TeO6
Tellurium dioxide,TeO2
Tellurium hexafluoride,TeF6
Tellurium tetrabromide,TeBr4
Tellurium tetrachloride,TeCl4
Tellurium tetrafluoride,TeF4
Tellurium tetraiodide,TeI4
Tellurous acid,H2TeO3
Thallium bromide,TiBr
Thallium carbonate,Tl2CO3
Thallium fluoride,TlF
Thallium sulfate,Tl2SO4
Thallium oxide,Tl2O3
Thallium sulfate,Tl2(SO4)2
Thallium triiodide,TlI3
Thionyl chloride,SOCl2
Thionyl tetrafluoride,SOF4
Thiophosgene,CSCl2
Thiophosphoryl chloride,Cl3PS
Thorium nitrate,Th(NO3)4
Thorium sulfate,Th(SO4)2
Thorium dioxide,ThO2
Thorium tetrafluoride,ThF4
Thulium bromide,TmBr3
Thulium chloride,TmCl3
Thulium oxide,Tm2O3
Stannate,SnH4
Tin bromide,SnBr2
Tin chloride,SnCl2
Tin fluoride,SnF2
Tin hydroxide,Sn(OH)2
Tin iodide,SnI2
Tin oxide,SnO
Tin sulfate,SnSO4
Tin sulfide,SnS
Tin bromide,SnBr4
Tin chloride,SnCl4
Tin fluoride,SnF4
Tin iodide,SnI4
Tin oxide,SnO2
Tin sulfide,SnS2
Tin selenide,SnSe2
Tin telluride,SnTe
Hexafluorotitanic acid,(H3O)2[TiF6]
Titanium chloride,TiCl2
Titanium oxide,TiO
Titanium sulfide,TiS
Titanium bromide,TiBr3
Titanium chloride,TiCl3
Titanium fluoride,TiF3
Titanium iodide,TiI3
Titanium oxide,Ti2O3
Titanium phosphide,TiP
Titanium bromide,TiBr4
Titanium carbide,TiC
Titanium chloride,TiCl4
Titanium hydride,TiH4
Titanium iodide,TiI4
Titanium carbide,TiC
Titanium diboride,TiB2
Titanium dioxide,TiO2 Titanium dioxide (B)
Titanium diselenide,TiSe2
Titanium disilicide,TiSi2
Titanium disulfide,TiS2
Titanium nitrate,Ti(NO3)4
Titanium nitride,TiN
Titanium perchlorate,Ti(ClO4)4
Titanium silicon carbide,Ti3SiC2
Titanium tetrabromide,TiBr4
Titanium tetrafluoride,TiF4
Titanium tetraiodide,TiI4
Titanyl sulfate,TiOSO4
Tungsten chloride,WCl6
Tungsten fluoride,WF6
Tungsten boride,WB2
Tungsten carbide,WC
Tungstic acid,H2WO4
Tungsten hexacarbonyl,W(CO)6
Triuranium octaoxide,U3O8
Uranium hexafluoride,UF6
Uranium pentafluoride,UF5
Uranium sulfate,U(SO4)2
Uranium tetrachloride,UCl4
Uranium tetrafluoride,UF4
Uranyl carbonate,UO2CO3
Uranyl chloride,UO2Cl2
Uranyl fluoride,UO2F2
Uranyl hydroxide,UO2(OH)2
Uranyl hydroxide,(UO2)2(OH)4
Uranyl nitrate,UO2(NO3)2
Uranyl sulfate,UO2SO4
Vanadium chloride,VCl2
Vanadium oxide,VO
Vanadium bromide,VBr3
Vanadium chloride,VCl3
Vanadium fluoride,VF3
Vanadium nitride,VN
Vanadium oxide,V2O3
Vanadium chloride,VCl4* Vanadium fluoride VF4
Vanadium oxide,VO2
Vanadium sulfate,VOSO4
Vanadium oxide,V2O5
Vanadium carbide,VC
Vanadium oxytrichloride (Vanadium oxide trichloride),VOCl3
Vanadium pentafluoride,VF5
Vanadium tetrachloride,VCl4
Vanadium tetrafluoride,VF4
Water,H2O
Perxenic acid,H4XeO6
Xenon difluoride,XeF2
Xenon hexafluoride,XeF6
Xenon hexafluoroplatinate,Xe[PtF6]
Xenon tetrafluoride,XeF4
Xenon tetroxide,XeO4
Xenic acid,H2XeO4
Ytterbium chloride,YbCl3
Ytterbium oxide,Yb2O3
Ytterbium sulfate,Yb2(SO4)3
Yttrium antimonide,YSb
Yttrium arsenate,YAsO4
Yttrium arsenide,YAs
Yttrium bromide,YBr3
Yttrium fluoride,YF3
Yttrium oxide,Y2O3
Yttrium nitrate,Y(NO3)3
Yttrium sulfide,Y2S3
Yttrium sulfate,Y2(SO4)3
Yttrium aluminium garnet,Y3Al5O12
Yttrium barium copper oxide,YBa2Cu3O7
Yttrium cadmium,YCd
Yttrium copper,YCu
Yttrium gold,YAu
Yttrium iridium,YIr
Yttrium iron garnet,Y3Fe5O12
Yttrium magnesium,YMg
Yttrium phosphate,YPO4
Yttrium phosphide,YP
Yttrium rhodium,YRh
Yttrium silver,YAg
Yttrium zinc,YZn
Zinc bromide,ZnBr2
Zinc carbonate,ZnCO3
Zinc chloride,ZnCl2
Zinc cyanide,Zn(CN)2
Zinc fluoride,ZnF2
Zinc iodide,ZnI2
Zinc nitrate,Zn(NO3)2
Zinc oxide,ZnO
Zinc pyrophosphate,Zn2P2O7
Zinc selenate,ZnSeO4
Zinc selenide,ZnSe
Zinc selenite,ZnSeO3
Zinc selenocyanate,Zn(SeCN)2
Zinc sulfate,ZnSO4
Zinc sulfide,ZnS
Zinc sulfite,ZnSO3
Zinc telluride,ZnTe
Zinc thiocyanate,Zn(SCN)2
Zinc tungstate,ZnWO4
Zirconia hydrate,ZrO2·nH2O
Zirconium boride,ZrB2
Zirconium carbide,ZrC
Zirconium chloride,ZrCl4
Zirconium oxide,ZrO2
Zirconium hydroxide,Zr(OH)4
Zirconium orthosilicate,ZrSiO4
Zirconium nitride,ZrN
Zirconium tetrafluoride,ZrF4
Zirconium tetrahydroxide,H4O4Zr
Zirconium tungstate,ZrW2O8
Zirconyl bromide,ZrOBr2
Zirconyl chloride,ZrOCl2
Zirconyl nitrate,ZrO(NO3)2
Zirconyl sulfate,ZrOSO4
Methane,CH4
Ethane,C2H6 or CH3CH3
Propane,C3H8 or CH3CH2CH3
Butane,C4H10 or CH3(CH2)2CH3
Pentane,C5H12 or CH3(CH2)3CH3
Hexane,C6H14 or CH3(CH2)4CH3
Heptane,C7H16 or CH3(CH2)5CH3
Octane,C8H18 or CH3(CH2)6CH3
Nonane,C9H20 or CH3(CH2)7CH3
Decane,C10H22
CH4,Methane
C2H6,Ethane
C3H8,Propane
C4H10,Butane
C5H12,Pentane
C6H14,Hexane
C7H16,Heptane
C8H18,Octane
C9H20,Nonane
C10H22,Decane
Darmstadtium,Ds(110)
Roentgenium,Rg(111)
Copernicium,Cn(112)
Nihonium,Nh(113)
Flerovium,Fl(114)
Moscovium,Mc(115)
Livermorium,Lv(116)
Tennessine,Ts(117)
Oganesson,Og(118)
Ds,Darmstadtium(110)
Rg,Roentgenium(111)
Cn,Copernicium(112)
Nh,Nihonium(113)
Fl,Flerovium(114)
Mc,Moscovium(115)
Lv,Livermorium(116)
Ts,Tennessine(117)
Og,Oganesson(118)
Ethylene,C2H4
Acetylene,C2H2
Polythene,(C2H4)n
Polystyrene,(C8C8)n
Ethyl Bromine,C2H5Br
Chloroform,CHCl3
Methyl alcohol,CH3OH
Ethyl alcohol,C2H5OH
Glycerol,C3H803
Formaldehyde,CH2O
Acetaldehyde,C2H4O
Acetone,C3H6O
Formic acid,CH2OH2
Acetic acid,CH3COOH
Acetyl chloride,CH3COCl
Acetamide,C2H5NO
Ethyl acetate,C4H8O3
Urea,CH4H2O
Glucose,C6H12O6
Benzene,C6H6
Toluene,C7H8
Chlorobenzene,C6H5Cl
Nitrobenzene,C6H5NO2
Anilne,C6H5NH2
Phenol,C6H6O
Benzaldehyde,C7H6O
Benzoic acid,C7H6O2
Benzene sulphonic acid,C6H6O3S
Carbon tetrachloride,CCl4
Urotropin,C6H12N4
Gammexene,C6H6Cl6
Isopropyl alcohol,C3H8O
Soap,C15H31COOH or (C15H31COONa)
Ethanol,C2H5OH
Propanol,C8H8O
Butanol,C4H10O
Ethene,C2H4
Propene,C3H6
Butene,C4H8
Propanoic acid,C3H6O2
C2H4,Ethylene
C2H2,Acetylene
(C2H4)n,Polythene
(C8C8)n,Polystyrene
C2H5Br,Ethyl Bromine
CHCl3,Chloroform
CH3OH,Methyl alcohol
C2H5OH,Ethyl alcohol
C3H803,Glycerol
CH2O,Formaldehyde
C2H4O,Acetaldehyde
C3H6O,Acetone
CH2OH2,Formic acid
CH3COOH,Acetic acid
CH3COCl,Acetyl chloride
C2H5NO,Acetamide
C4H8O3,Ethyl acetate
CH4H2O,Urea
C6H12O6,Glucose
C6H6,Benzene
C7H8,Toluene
C6H5Cl,Chlorobenzene
C6H5NO2,Nitrobenzene
C6H5NH2,Anilne
C6H6O,Phenol
C7H6O,Benzaldehyde
C7H6O2,Benzoic acid
C6H6O3S,Benzene sulphonic acid
CCl4,Carbon tetrachloride
C6H12N4,Urotropin
C6H6Cl6,Gammexene
C3H8O,Isopropyl alcohol
C15H31COOH,Soap
C15H31COONa,Soap
C2H5OH,Ehanol
C8H8O,Ethanol
C4H10O,Propanol
C2H4,Butanol
C3H6,Ethene
C4H8,Propene
C4H8,Butene
C3H6O2,Propanoic acid
h,Hydrogen(1)
he,Helium(2)
li,Lithium(3)
be,Beryllium(4)
b,Boron(5)
c,Carbon(6)
n,Nitrogen(7)
o,Oxygen(8)
f,Fluorine(9)
ne,Neon(10)
na,Sodium(11)
mg,Magnesium(12)
al,Aluminum(13)
si,Silicon(14)
p,Phosphorus(15)
s,Sulfur(16)
cl,Chlorine(17)
ar,Argon(18)
k,Potassium(19)
ca,Calcium(20)
sc,Scandium(21)
ti,Titanium(22)
v,Vanadium(23)
cr,Chromium(24)
mn,Manganese(25)
fe,Iron(26)
co,Cobalt(27)
ni,Nickel(28)
cu,Copper(29)
zn,Zinc(30)
ga,Gallium(31)
ge,Germanium(32)
as,Arsenic(33)
se,Selenium(34)
br,Bromine(35)
kr,Krypton(36)
rb,Rubidium(37)
sr,Strontium(38)
y,Yttrium(39)
zr,Zirconium(40)
nb,Niobium(41)
mo,Molybdenum(42)
tc,Technetium(43)
ru,Ruthenium(44)
rh,Rhodium(45)
pd,Palladium(46)
ag,Silver(47)
cd,Cadmium(48)
in,Indium(49)
sn,Tin(50)
sb,Antimony(51)
te,Tellurium(52)
i,Iodine(53)
xe,Xenon(54)
cs,Cesium(55)
ba,Barium(56)
la,Lanthanum(57)
ce,Cerium(58)
pr,Praseodymium(59)
nd,Neodymium(60)
pm,Promethium(61)
sm,Samarium(62)
eu,Europium(63)
gd,Gadolinium(64)
tb,Terbium(65)
dy,Dysprosium(66)
ho,Holmium(67)
er,Erbium(68)
tm,Thulium(69)
yb,Ytterbium(70)
lu,Lutetium(71)
hf,Hafnium(72)
ta,Tantalum(73)
w,Tungsten(74)
re,Rhenium(75)
os,Osmium(76)
ir,Iridium(77)
pt,Platinum(78)
au,Gold(79)
hg,Mercury(80)
tl,Thallium(81)
pb,Lead(82)
bi,Bismuth(83)
po,Polonium(84)
at,Astatine(85)
rn,Radon(86)
fr,Francium(87)
ra,Radium(88)
ac,Actinium(89)
th,Thorium(90)
pa,Protactinium(91)
u,Uranium(92)
np,Neptunium(93)
pu,Plutonium(94)
am,Americium(95)
cm,Curium(96)
bk,Berkelium(97)
cf,Californium(98)
es,Einsteinium(99)
fm,Fermium(100)
md,Mendelevium(101)
no,Nobelium(102)
lr,Lawrencium(103)
rf,Rutherfordium(104)
db,Dubnium(105)
sg,Seaborgium(106)
bh,Bohrium(107)
hs,Hassium(108)
mt,Meitnerium(109)
alsb,Aluminium antimonide
alaso4.8h2o,Aluminium arsenate
alas,Aluminium arsenide
alb2,Aluminium boride
albr3,Aluminium bromide
al4c3,Aluminium carbide
ali3,Aluminium iodide
aln,Aluminium nitride
al2o3,Aluminium oxide
alp,Aluminium phosphide
alcl3,Aluminium chloride
alf3,Aluminium fluoride
al(oh)3,Aluminium hydroxide
al(no3)3,Aluminium nitrate
al2s3,Aluminium sulfide
al2(so4)3,Aluminium sulfate
alk(so4)2,Aluminium potassium sulfate
nh3,Ammonia
nh4n3,Ammonium azide
nh4hco3,Ammonium bicarbonate (Ammonium hydrogen carbonate)
nh4hso4,Ammonium bisulfate
(nh4)2cro4,Ammonium chromate
(nh4)2ce(no3)6,Ammonium cerium nitrate
(nh4)4ce(so4)4,Ammonium cerium sulfate
nh4cl,Ammonium chloride
nh4clo3,Ammonium chlorate
nh4cn,Ammonium cyanide
(nh4)2cr2o7,Ammonium dichromate
nh4h2po4,Ammonium dihydrogen phosphate
nh4oh,Ammonium hydroxide
(nh4)2(ptcl6),Ammonium hexachloroplatinate
nh4no3,Ammonium nitrate
(nh4)2moo4,Ammonium orthomolybdate
h6n2o3s,Ammonium sulfamate
(nh4)2s,Ammonium sulfide
(nh4)2so3,Ammonium sulfite
(nh4)2so4,Ammonium sulfate
nh4clo4,Ammonium perchlorate
nh4mno4,Ammonium permanganate
(nh4)2s2o8,Ammonium persulfate
nh4[cr(scn)4(nh3)2],Ammonium tetrathiocyanatodiamminechromate(III)
nh4scn,Ammonium thiocyanate
nh4i3,Ammonium triiodide
h8mon2o4[1],Diammonium dioxido(dioxo)molybdenum
(nh4)2hpo4,Diammonium phosphate
sbh3,Antimony hydride
sbcl5,Antimony pentachloride
sbf5,Antimony pentafluoride
k2sb2(c4h2o6)2,Antimony potassium tartrate
sb2(so4)3,Antimony sulfate
sbf3,Antimony trifluoride
sb2o3,Antimony trioxide
sb2s3,Antimony trisulfide
sb2s5,Antimony pentasulfide
harf,Argon fluorohydride
asf3,Arsenic trifluoride
asf5,Arsenic pentafluoride
as2o3,Arsenic trioxide (Arsenic oxide)
as(oh)3,Arsenous acid
aso(oh)3,Arsenic acid
ash3,Arsine
ba(n3)2,Barium azide
babr2,Barium bromide
baco3,Barium carbonate
ba(clo3)2,Barium chlorate
bacl2,Barium chloride
bacro4,Barium chromate
bafeo4,Barium ferrate
bafe12o19,Barium ferrite
baf2,Barium fluoride
ba(oh)2,Barium hydroxide
bai2,Barium iodide
bamno4,Barium manganate
ba(no3)2,Barium nitrate
ba(c2o4),Barium oxalate
bao,Barium oxide
ba(mno4)2,Barium permanganate
bao2,Barium peroxide
baso4,Barium sulfate
bas,Barium sulfide
batio3,Barium titanate
be(bh4)2,Beryllium borohydride
bebr2,Beryllium bromide
beco3,Beryllium carbonate
becl2,Beryllium chloride
bef2,Beryllium fluoride
beh2,Beryllium hydride
be(oh)2,Beryllium hydroxide
bei2,Beryllium iodide
be(no3)2,Beryllium nitrate
be3n2,Beryllium nitride
beo,Beryllium oxide
beso4,Beryllium sulfate
beso3,Beryllium sulfite
bete,Beryllium telluride
bi2o3,Bismuth oxide
bi2te3,Bismuth telluride
befeo3,Bismuth ferrite
biocl,Bismuth oxychloride
bif5,Bismuth pentafluoride
bibr3,Bismuth tribromide
bh3,Borane
na2b4o7·10h2o,Borax
h3bo3,Boric acid
b4c,Boron carbide
bn,Boron nitride
b6o,Boron suboxide
bcl3,Boron trichloride
bf3,Boron trifluoride
b2o3,Boron oxide
b10h14,Decaborane (Diborane)
b2h6,Diborane
b2f4,Diboron tetrafluoride
b5h9,Pentaborane
b4h10,Tetraborane
brcl,Bromine monochloride
brf5,Bromine pentafluoride
brf3,Bromine trifluoride
hbro4,Perbromic acid
cd3as2,Cadmium arsenide
cdbr2,Cadmium bromide
cdcl2,Cadmium chloride
cdf2,Cadmium fluoride
cdi2,Cadmium iodide
cd(no3)2,Cadmium nitrate
cdo,Cadmium oxide
cdse,Cadmium selenide
cdso4,Cadmium sulfate
cds,Cadmium sulfide
cdte,Cadmium telluride
cshco3,Caesium bicarbonate
cs2co3,Caesium carbonate
cscl,Caesium chloride
cs2cro4,Caesium chromate
csf,Caesium fluoride
csh,Caesium hydride
cshso4,Caesium hydrogen sulfate
cs2so4,Caesium sulfate
cabr2,Calcium bromide
cac2,Calcium carbide
caco3,Calcium carbonate(Precipitated Chalk)
ca(clo3)2,Calcium chlorate
cacl2,Calcium chloride
cacro4,Calcium chromate
cacn2,Calcium cyanamide
caf2,Calcium fluoride
cah2,Calcium hydride
ca(oh)2,Calcium hydroxide
casi,Calcium monosilicide
ca(c2o4),Calcium oxalate
caocl2,Calcium oxychloride
ca(clo4)2,Calcium perchlorate
ca(mno4)2,Calcium permanganate
caso4,Calcium sulfate (gypsum)
co2,Carbon dioxide
cs2,Carbon disulfide
co,Carbon monoxide
cbr4,Carbon tetrabromide
ccl4,Carbon tetrachloride
cf4,Carbon tetrafluoride
ci4,Carbon tetraiodide
h2co3,Carbonic acid
cocl2,Carbonyl chloride
cof2,Carbonyl fluoride
cos,Carbonyl sulfide
c6h12n2o4pt,Carboplatin
sic,carborundum
cebr3,Cerium bromide
ce2(co3)3,Cerium carbonate
cecl3,Cerium chloride
cef3,Cerium fluoride
ce(oh)3,Cerium hydroxide
cei3,Cerium iodide
ce(no3)3,Cerium nitrate
ce2o3,Cerium oxide
ce2(so4)3,Cerium sulfate
ce(oh)4,Cerium hydroxide
ce(no3)4,Cerium nitrate
ceo2,Cerium oxide
ce(so4)2,Cerium sulfate
ce3o4,"Cerium(III,IV) oxide"
(nh4)2ce(no3)6,Ceric ammonium nitrate
ceb6,Cerium hexaboride
ceal,Cerium aluminium
cecd,Cerium cadmium
cemg,Cerium magnesium
cehg,Cerium mercury
ceag,Cerium silver
cetl,Cerium thallium
cezn,Cerium zinc
hclo3,Chloric acid
cln3,Chlorine azide
clo2,Chlorine dioxide
clf,Chlorine monofluoride
clo,Chlorine monoxide
clf5,Chlorine pentafluoride
cl2o4,Chlorine perchlorate
o3clooclo3,Chlorine tetroxide (the peroxide)
clf3,Chlorine trifluoride
clo3,Chlorine trioxide
h2ptcl6,Chloroplatinic acid
clo2f,Chloryl fluoride
ptcl2(nh3)2,Cisplatin (cis–platinum chloride diamine)
cl2o,Dichlorine monoxide
cl2o2,Dichlorine dioxide
cl2o3,Dichlorine trioxide
cloclo3,Dichlorine tetroxide (chlorine perchlorate)
cl2o6,Dichlorine hexoxide
cl2o7,Dichlorine heptoxide
sih2cl,Dichlorosilane
hclo4,Perchloric acid
clo3f,Perchloryl fluoride
haucl4,Tetrachloroauric acid
cro3,Chromic acid
cro3,Chromium trioxide (Chromic acid)
crcl2,Chromium chloride
crso4,Chromium sulfate
crcl3,Chromium chloride
cr(no3)3,Chromium nitrate
cr2o3,Chromium oxide
cr2(so4)3,Chromium sulfate
cr2te3,Chromium telluride
cro2,Chromium oxide
crf5,Chromium pentafluoride
cro2cl2,Chromyl chloride
cro2f2,Chromyl fluoride
cobr2,Cobalt bromide
coco3,Cobalt carbonate
cocl2,Cobalt chloride
co(no3)2,Cobalt nitrate
coso4,Cobalt sulfate
cof3,Cobalt fluoride
cu2c2,Copper acetylide
cucl,Copper chloride
cuf,Copper fluoride
cu2o,Copper oxide
cuso4,Copper sulfate
cu2s,Copper sulfide
cu(n3)2,Copper azide
cuco3,Copper carbonate
cucl2,Copper chloride
cu(oh)2,Copper hydroxide
cu(no3)2,Copper nitrate
cuo,Copper oxide
cuso4,Copper sulfate
cus,Copper sulfide
h3clcu2o3[2],Copper oxychloride
[cu(nh3)4]so4,Tetramminecopper sulfate
cnbr,Cyanogen bromide
cncl,Cyanogen chloride
icn,Cyanogen iodide
(cn)2,Cyanogen
c3cl3n3,Cyanuric chloride
cnscn[3],Cyanogen thiocyanate
cnsecn[3],Cyanogen selenocyanate
cnn3[3],Cyanogen azide
si2h6,Disilane
s2cl2,Disulfur dichloride
dycl3,Dysprosium chloride
dy2o3,Dysprosium oxide
dy2ti2o7,Dysprosium titanate
ercl3,Erbium chloride
ercu,Erbium-copper
erau,Erbium-gold
erag,Erbium-silver
erir,Erbium-Iridium
eucl2,Europium chloride
euso4,Europium sulfate
eubr3,Europium bromide
eucl3,Europium chloride
eu(io3)3,Europium iodate
eui3,Europium iodide
eu(no3)3,Europium nitrate
eu2o3,Europium oxide
eu(clo4)3,Europium perchlorate
eu2(so4)3,Europium sulfate
euvo4,Europium vanadate
n2f4,Tetrafluorohydrazine
c2nf3,Trifluoromethylisocyanide
cf3so3h,Trifluoromethanesulfonic acid
gdcl3,Gadolinium chloride
gd2o3,Gadolinium oxide
gasb,Gallium antimonide
gaas,Gallium arsenide
gaf3,Gallium fluoride
gacl3,Gallium trichloride
gan,Gallium nitride
gap,Gallium phosphide
gas,Gallium sulfide
ga2s3,Gallium sulfide
ge2h6,Digermane
geh4,Germane
gebr2,Germanium bromide
gecl2,Germanium chloride
gef2,Germanium fluoride
gei2,Germanium iodide
geo,Germanium oxide
gese,Germanium selenide
ges,Germanium sulfide
gebr4,Germanium bromide
gecl4,Germanium chloride
gef4,Germanium fluoride
gei4,Germanium iodide
ge3n4,Germanium nitride
geo2,Germanium oxide
gese2,Germanium selenide
ges2,Germanium sulfide
gef2,Germanium difluoride
geo2,Germanium dioxide
gecl4,Germanium tetrachloride
gef4,Germanium tetrafluoride
gete,Germanium telluride
aubr,Gold bromide
aucl,Gold chloride
auh,Gold hydride
aui,Gold iodide
au2se,Gold selenide
au2s,Gold sulfide
(aubr3)2,Gold bromide
(aucl3)2,Gold chloride
auf3,Gold fluoride
aui3,Gold iodide
au2o3,Gold oxide
au2se3,Gold selenide
au2s3,Gold sulfide
auf5,Gold fluoride
au4cl8,"Gold(I,III) chloride"
aute2,Gold ditelluride
auf5·f2,Gold heptafluoride
hfbr4,Hafnium bromide
hfc,Hafnium carbide
hfcl4,Hafnium chloride
hff4,Hafnium fluoride
hfi4,Hafnium iodide
hfo2,Hafnium oxide
hfsio4,Hafnium silicate
hfs2,Hafnium sulfide
rh6(co)16,Hexadecacarbonylhexarhodium
h2f6si,Hexafluorosilicic acid
n2h4,Hydrazine
hn3,Hydrazoic acid
hi,Hydroiodic acid
hbr,Hydrogen bromide
hcl,Hydrogen chloride
hcn,Hydrogen cyanide
hf,Hydrogen fluoride
h2o2,Hydrogen peroxide
h2se,Hydrogen selenide
h2s,Hydrogen sulfide
h2te,Hydrogen telluride
nh2oh,Hydroxylamine
hbro,Hypobromous acid
hclo,Hypochlorous acid
h3po2,Hypophosphorous acid
hpo3,Metaphosphoric acid
h3+,Protonated molecular hydrogen
h2o3,Trioxidane
na2he,Sodium helide
inbr,Indium bromide
inbr3,Indium bromide
incl3,Indium chloride
inf3,Indium fluoride
in2o3,Indium oxide
in2(so4)3,Indium sulfate
insb,Indium antimonide
inas,Indium arsenide
inn,Indium nitride
inp,Indium phosphide
hio3,Iodic acid
if7,Iodine heptafluoride
if5,Iodine pentafluoride
icl,Iodine monochloride
icl3,Iodine trichloride
hio4,Periodic acid
ircl4,Iridium chloride
irf5,Iridium fluoride
irf6,Iridium hexafluoride
irf4,Iridium tetrafluoride
fe2 nb2o6,Columbite
fecl2 including hydrate,Iron chloride
fec2o4,Iron oxalate
feo,Iron oxide
feseo4,Iron selenate
feso4,Iron sulfate
fecl3,Iron chloride
fef3,Iron fluoride
c6fe2o12,Iron oxalate
fe2o3,Iron oxide
fe(no3)3(h2o)9,Iron nitrate
fe2(so4)3,Iron sulfate
fe(scn)3,Iron thiocyanate
fe3o4,"Iron(II,III) oxide"
fe7(cn)18,Iron ferrocyanide
fe4[fe(cn)6]3,Prussian blue (Iron hexacyanoferrate(II))
krf2,Krypton difluoride
laal,Lanthanum aluminium
lacd,Lanthanum cadmium
la2(co3)3,Lanthanum carbonate
lamg,Lanthanum magnesium
lamno3,Lanthanum manganite
lahg,Lanthanum mercury
laag,Lanthanum silver
latl,Lanthanum tallium
lazn,Lanthanum zinc
pb(n3)2,Lead azide
pbbr2,Lead bromide
pb(co3),Lead carbonate
pbcl2,Lead chloride
pbf 2,Lead fluoride
pb(oh)2,Lead hydroxide
pbi2,Lead iodide
pb(no3)2,Lead nitrate
pbo,Lead oxide
pb3(po4)2,Lead phosphate
pb(so4),Lead sulfate
pbse,Lead selenide
pbs,Lead sulfide
pbte,Lead telluride
pb(cns)2,Lead thiocyanate
pb3o4,"Lead(II,IV) oxide"
pbo2,Lead oxide
pbs2,Lead sulfide
pbhaso4,Lead hydrogen arsenate
c6hn3o8pb,Lead styphnate
pbcl4,Lead tetrachloride
pbf4,Lead tetrafluoride
pb3o4[4],Lead tetroxide
pbtio3,Lead titanate
pb[tixzr1–x]o3,Lead zirconate titanate
pbh4,Plumbane
lialcl4,Lithium tetrachloroaluminate
lialh4,Lithium aluminium hydride
libr,Lithium bromide
libh4,Lithium borohydride
li2co3,Lithium carbonate (Lithium salt)
licl,Lithium chloride
liclo,Lithium hypochlorite
liclo3,Lithium chlorate
liclo4,Lithium perchlorate
licoo2,Lithium cobalt oxide
li2o,Lithium oxide
li2o2,Lithium peroxide
lih,Lithium hydride
lioh,Lithium hydroxide
lii,Lithium iodide
felio4p,Lithium iron phosphate
lino3,Lithium nitrate
li2s,Lithium sulfide
li2so3,Lithium sulfite
li2so4,Lithium sulfate
lio2,Lithium superoxide
lipf4,Lithium hexafluorophosphate
mgsb,Magnesium antimonide
mgbr2,Magnesium bromide
mgco3,Magnesium carbonate
mgcl2,Magnesium chloride
c6h6mgo7,Magnesium citrate
mgo,Magnesium oxide
mg(clo4)2,Magnesium perchlorate
mg3(po4)2,Magnesium phosphate
mgso4,Magnesium sulfate
mnbr2,Manganese bromide
mncl2,Manganese chloride
mn(oh)2,Manganese hydroxide
mno,Manganese oxide
mn3(po4)2,Manganese phosphate
mnso4,Manganese sulfate
mnso4.h2o,Manganese sulfate monohydrate
mncl3,Manganese chloride
mn2o3,Manganese oxide
mnf4,Manganese fluoride
mno2,Manganese oxide (manganese dioxide)
mn3o4,"Manganese(II,III) oxide"
mno2,Manganese dioxide
mn2o7,Manganese heptoxide
hg2cl2,Mercury chloride
hg2so4,Mercury sulfate
hgcl2,Mercury chloride
mgh2,Mercury hydride
hgse,Mercury selenide
hgso4,Mercury sulfate
hgs,Mercury sulfide
hgte,Mercury telluride
hg(scn)2,Mercury thiocyanate
hgf4,Mercury fluoride
hg(onc)2,Mercury fulminate
mobr2,Molybdenum bromide
mo6cl12,Molybdenum chloride
mobr3,Molybdenum bromide
mocl3,Molybdenum chloride
moc,Molybdenum carbide
mocl4,Molybdenum chloride
mof4,Molybdenum fluoride
mo2cl10,Molybdenum chloride
mof5,Molybdenum fluoride
mos2,Molybdenum disulfide
mo(co)6,Molybdenum hexacarbonyl
mof6,Molybdenum hexafluoride
mocl4,Molybdenum tetrachloride
moo3,Molybdenum trioxide
h2moo4,Molybdic acid
ndcl3,Neodymium chloride
npf3,Neptunium fluoride
npf4,Neptunium fluoride
npo2,Neptunium oxide
npf6,Neptunium fluoride
nico3,Nickel carbonate
nicl2,Nickel chloride
nif2,Nickel fluoride
ni(oh)2,Nickel hydroxide
ni(no3)2,Nickel nitrate
nio,Nickel oxide
ni(so3nh2)2,Nickel sulfamate
nis,Nickel sulfide
nbf4,Niobium fluoride
nbf5,Niobium fluoride
nbocl3,Niobium oxychloride
nbcl5,Niobium pentachloride
n2o5,Dinitrogen pentoxide (nitronium nitrate)
n2f4,Dinitrogen tetrafluoride
n2o4,Dinitrogen tetroxide
n2o3,Dinitrogen trioxide
hno3,Nitric acid
hno2,Nitrous acid
no2,Nitrogen dioxide
no,Nitrogen monoxide
n2o,Nitrous oxide
nf5,Nitrogen pentafluoride
ni3,Nitrogen triiodide
(no),Nitrosonium octafluoroxenate(VI)
nobf4,Nitrosonium tetrafluoroborate
nohso4,Nitrosylsulfuric acid
osf6,Osmium hexafluoride
oso4,Osmium tetroxide (osmium oxide)
oso3,Osmium trioxide (osmium oxide)
c24h54osn2,Oxybis(tributyltin)
of2,Oxygen difluoride
pdcl2,Palladium chloride
pd(no3)2,Palladium nitrate
pdf3,"Palladium(II,IV) fluoride"
pdso4[5],Palladium sulfate
pdf4,Palladium tetrafluoride
p2cl4,Diphosphorus tetrachloride
p2f4,Diphosphorus tetrafluoride
p2i4,Diphosphorus tetraiodide
ph3,Phosphine
h3pmo12o40,Phosphomolybdic acid
h3po4,Phosphoric acid
h3po3,Phosphorous acid (Phosphoric acid)
pbr5,Phosphorus pentabromide
pf5,Phosphorus pentafluoride
p4s10,Phosphorus pentasulfide
p2o5,Phosphorus pentoxide
p4s3,Phosphorus sesquisulfide
pbr3,Phosphorus tribromide
pcl3,Phosphorus trichloride
pf3,Phosphorus trifluoride
pi3,Phosphorus triiodide
h3pw12o40,Phosphotungstic acid
ptcl2,Platinum chloride
ptcl4,Platinum chloride
ptf6,Platinum hexafluoride
ptf5,Platinum pentafluoride
ptf4,Platinum tetrafluoride
pucl3,Plutonium chloride
puo2,Plutonium dioxide (Plutonium oxide)
puf4,Plutonium tetrafluoride
pof6,Polonium hexafluoride
k2so4.al2(so4)3·24h2o,Potash Alum
kalf4,Potassium aluminium fluoride
knh2,Potassium amide
kag(cn)2,Potassium argentocyanide
kaso2,Potassium arsenite
kn3,Potassium azide
k2b4o7•4h2o,Potassium borate
kbr,Potassium bromide
khco3,Potassium bicarbonate
khf2,Potassium bifluoride
khso3,Potassium bisulfite
k2co3,Potassium carbonate
kcacl3,Potassium calcium chloride
kclo3,Potassium chlorate
kcl,Potassium chloride
kclo2,Potassium chlorite
k2cro4,Potassium chromate
kcn,Potassium cyanide
k2cr2o7,Potassium dichromate
k2s2o4,Potassium dithionite
k2feo4,Potassium ferrate
k3[fe(c2o4)3],Potassium ferrioxalate
k3[fe(cn)]6,Potassium ferricyanide
k4[fe(cn)]6,Potassium ferrocyanide
k2[taf7],Potassium heptafluorotantalate
kpf6,Potassium hexafluorophosphate
khco3,Potassium hydrogen carbonate
khf2,Potassium hydrogen fluoride
koh,Potassium hydroxide
ki,Potassium iodide
kio3,Potassium iodate
k2mno4,Potassium manganate
k2so4·khso4·2khso5,Potassium monopersulfate
kno3,Potassium nitrate
kbro4,Potassium perbromate
kclo4,Potassium perchlorate
kio4,Potassium periodate
kmno4,Potassium permanganate
knac4h4o6,Potassium sodium tartrate
k2so4,Potassium sulfate
k2so3,Potassium sulfite
k2s,Potassium sulfide
k2c4h4o6,Potassium tartrate
k2hgi4,Potassium tetraiodomercurate(II)
kscn,Potassium thiocyanate
ktiopo4,Potassium titanyl phosphate
kvo3,Potassium vanadate
k3po4,Tripotassium phosphate
prcl3,Praseodymium chloride
pr2(so4)3,Praseodymium sulfate
pmcl3,Promethium chloride
pm2o3,Promethium oxide
rabr2,Radium bromide
racl2,Radium chloride
rnf2,Radon difluoride
reo2,Rhenium oxide
re2o7,Rhenium oxide
ref7,Rhenium heptafluoride
ref6,Rhenium hexafluoride
rhcl3,Rhodium chloride
rhf6,Rhodium hexafluoride
rbn3,Rubidium azide
rbbr,Rubidium bromide
rbcl,Rubidium chloride
rbf,Rubidium fluoride
rbhso4,Rubidium hydrogen sulfate
rboh,Rubidium hydroxide
rbi,Rubidium iodide
rbno3,Rubidium nitrate
rb2o,Rubidium oxide
rb2te,Rubidium telluride
ruf6,Ruthenium hexafluoride
ruf5,Ruthenium pentafluoride
ruo4,Ruthenium oxide
smi2,Samarium iodide
smcl3,Samarium chloride
sm2o3,Samarium oxide
scf3,Scandium fluoride
sc(no3)3,Scandium nitrate
sc2o3,Scandium oxide
sc(oso2cf3)3,Scandium triflate
h2seo4,Selenic acid
h2seo3,Selenious acid
sebr2,Selenium dibromide
seo2,Selenium dioxide
ses2,Selenium disulfide
sef6,Selenium hexafluoride
se2s6,Selenium hexasulfide
seobr2,Selenium oxybromide
seocl2,Selenium oxydichloride
secl4,Selenium tetrachloride
sef4,Selenium tetrafluoride
seo3,Selenium trioxide
seo2f2,Selenoyl fluoride
sih4,Silane
sio2·nh2o,Silica gel
[siox(oh)4–2x]n,Silicic acid
cl3hsi,"Silicochloroform, trichlorosilane"
h2sif6,Silicofluoric acid
sib3,Silicon boride
sic,Silicon carbide
sio2,Silicon dioxide
sio,Silicon monoxide
si3n4,Silicon nitride
sibr4,Silicon tetrabromide
sicl4,Silicon tetrachloride
sif4,Silicon tetrafluoride
sii4,Silicon tetraiodide
"(sc,y)2si2o7",Thortveitite
agf,Silver fluoride
agf2,Silver fluoride
ag2c2,Silver acetylide
kag(cn)2,Silver argentocyanide
agn3,Silver azide
agbro3,Silver bromate
agbr,Silver bromide
agclo3,Silver chlorate
agcl,Silver chloride
ag2cro4,Silver chromate
agbf4,Silver fluoroborate
agcno,Silver fulminate
agoh,Silver hydroxide
agi,Silver iodide
agno3,Silver nitrate
ag3n,Silver nitride
ag2o,Silver oxide
agclo4,Silver perchlorate
agmno4,Silver permanganate
ag3po4,Silver phosphate (silver orthophosphate)
ag2f,Silver subfluoride
ag2so4,Silver sulfate
ag2s,Silver sulfide
nanh2,Sodamide
naalo2,Sodium aluminate
h24na3aso16,Sodium arsenate
nan3,Sodium azide
nahco3,Sodium bicarbonate
nahse,Sodium biselenide
nahso4,Sodium bisulfate
nahso3,Sodium bisulfite
nabh4,Sodium borohydride
nabro3,Sodium bromate
nabr,Sodium bromide
nabro2,Sodium bromite
na2c2,Sodium carbide
na2co3,Sodium carbonate
naclo3,Sodium chlorate
nacl,Sodium chloride
naclo2,Sodium chlorite
con6na3o12[6],Sodium cobaltinitrite
nacno,Sodium cyanate
nacn,Sodium cyanide
na2cr2o7.2h2o,Sodium dichromate
nao2,Sodium dioxide
na2s2o4,Sodium dithionite
na4fe(cn)6,Sodium ferrocyanide
naf,Sodium fluoride
f6na2si,Sodium fluorosilicate
hcoona,Sodium formate
nah,Sodium hydride
nahco3,Sodium hydrogen carbonate (Sodium bicarbonate)
nash,Sodium hydrosulfide
naoh,Sodium hydroxide
nabro,Sodium hypobromite
naocl,Sodium hypochlorite
naio,Sodium hypoiodite
napo2h2,Sodium hypophosphite
naio3,Sodium iodate
nai,Sodium iodide
na2mno4,Sodium manganate
na2moo4,Sodium molybdate
na2pfo3,Sodium monofluorophosphate (MFP)
nano3,Sodium nitrate
nano2,Sodium nitrite
na2[fe(cn)5no]·2h2o,Sodium nitroprusside
na2o,Sodium oxide
nabo3·h2o,Sodium perborate
nabro4,Sodium perbromate
2na2co3·3h2o2,Sodium percarbonate
naclo4,Sodium perchlorate
naio4,Sodium periodate
namno4,Sodium permanganate
na2o2,Sodium peroxide
na2co4,Sodium peroxycarbonate
nareo4,Sodium perrhenate
na2s2o8,Sodium persulfate
na3po4,Sodium phosphate; see trisodium phosphate
na2o4se,Sodium selenate
na2se,Sodium selenide
na2seo3,Sodium selenite
na2sio3,Sodium silicate
na2so4,Sodium sulfate
na2s,Sodium sulfide
na2so3,Sodium sulfite
c4h4na2o6,Sodium tartrate
na2teo3,Sodium tellurite
naalcl,Sodium tetrachloroaluminate
nabf,Sodium tetrafluoroborate
na3(sbs4).9h2o,Sodium thioantimoniate
nascn,Sodium thiocyanate
na2s2o3,Sodium thiosulfate
na2wo4,Sodium tungstate
na2o7u2,Sodium uranate
h4na2o4zn[7],Sodium zincate
na3po4,Trisodium phosphate
srbr2,Strontium bromide
srco3,Strontium carbonate
srcl2,Strontium chloride
srf2,Strontium fluoride
sr(oh)2,Strontium hydroxide
sri2,Strontium iodide
sr(no3)2,Strontium nitrate
sro,Strontium oxide
srtio3,Strontium titanate
s2f10,Disulfur decafluoride
h2s,Hydrogen sulfide (sulfane)
h2s2o7,Pyrosulfuric acid
h3no3s,Sulfamic acid
br2s,Sulfur dibromide
so2,Sulfur dioxide
sf6,Sulfur hexafluoride
sf4,Sulfur tetrafluoride
h2so4,Sulfuric acid
h2so3,Sulfurous acid
so2cl2,Sulfuryl chloride
s4n4,Tetrasulfur tetranitride
h2so5,Persulfuric acid (Caro's acid)
tac,Tantalum carbide
taf5,Tantalum pentafluoride
ta2o5,Tantalum oxide
tcf6,Technetium hexafluoride
te2br,Ditellurium bromide
h6teo6,Telluric acid
teo2,Tellurium dioxide
tef6,Tellurium hexafluoride
tebr4,Tellurium tetrabromide
tecl4,Tellurium tetrachloride
tef4,Tellurium tetrafluoride
tei4,Tellurium tetraiodide
h2teo3,Tellurous acid
tibr,Thallium bromide
tl2co3,Thallium carbonate
tlf,Thallium fluoride
tl2so4,Thallium sulfate
tl2o3,Thallium oxide
tl2(so4)2,Thallium sulfate
tli3,Thallium triiodide
socl2,Thionyl chloride
sof4,Thionyl tetrafluoride
cscl2,Thiophosgene
cl3ps,Thiophosphoryl chloride
th(no3)4,Thorium nitrate
th(so4)2,Thorium sulfate
tho2,Thorium dioxide
thf4,Thorium tetrafluoride
tmbr3,Thulium bromide
tmcl3,Thulium chloride
tm2o3,Thulium oxide
snh4,Stannate
snbr2,Tin bromide
sncl2,Tin chloride (stannous chloride)
snf2,Tin fluoride
sn(oh)2,Tin hydroxide
sni2,Tin iodide
sno,Tin oxide
snso4,Tin sulfate
sns,Tin sulfide
snbr4,Tin bromide
sncl4,Tin chloride
snf4,Tin fluoride
sni4,Tin iodide
sno2,Tin oxide
sns2,Tin sulfide
snse2,Tin selenide
snte,Tin telluride
(h3o)2[tif6],Hexafluorotitanic acid
ticl2,Titanium chloride
tio,Titanium oxide
tis,Titanium sulfide
tibr3,Titanium bromide
ticl3,Titanium chloride
tif3,Titanium fluoride
tii3,Titanium iodide
ti2o3,Titanium oxide
tip,Titanium phosphide
tibr4,Titanium bromide (titanium tetrabromide)
tic,Titanium carbide
ticl4,Titanium chloride (titanium tetrachloride)
tih4,Titanium hydride
tii4,Titanium iodide (titanium tetraiodide)
tic,Titanium carbide
tib2,Titanium diboride
tio2,Titanium dioxide (titanium oxide)
tise2,Titanium diselenide
tisi2,Titanium disilicide
tis2,Titanium disulfide
ti(no3)4,Titanium nitrate
tin,Titanium nitride
ti(clo4)4,Titanium perchlorate
ti3sic2,Titanium silicon carbide
tibr4,Titanium tetrabromide
tif4,Titanium tetrafluoride
tii4,Titanium tetraiodide
tioso4,Titanyl sulfate
wcl6,Tungsten chloride
wf6,Tungsten fluoride
wb2,Tungsten boride
wc,Tungsten carbide
h2wo4,Tungstic acid
w(co)6,Tungsten hexacarbonyl
u3o8,Triuranium octaoxide
uf6,Uranium hexafluoride
uf5,Uranium pentafluoride
u(so4)2,Uranium sulfate
ucl4,Uranium tetrachloride
uf4,Uranium tetrafluoride
uo2co3,Uranyl carbonate
uo2cl2,Uranyl chloride
uo2f2,Uranyl fluoride
uo2(oh)2,Uranyl hydroxide
(uo2)2(oh)4,Uranyl hydroxide
uo2(no3)2,Uranyl nitrate
uo2so4,Uranyl sulfate
vcl2,Vanadium chloride
vo,Vanadium oxide
vbr3,Vanadium bromide
vcl3,Vanadium chloride
vf3,Vanadium fluoride
vn,Vanadium nitride
v2o3,Vanadium oxide
vcl4,Vanadium chloride
vo2,Vanadium oxide
voso4,Vanadium sulfate
v2o5,Vanadium oxide
vc,Vanadium carbide
vocl3,Vanadium oxytrichloride
vf5,Vanadium pentafluoride
vcl4,Vanadium tetrachloride
vf4,Vanadium tetrafluoride
h2o,Water
h4xeo6,Perxenic acid
xef2,Xenon difluoride
xef6,Xenon hexafluoride
xe[ptf6],Xenon hexafluoroplatinate
xef4,Xenon tetrafluoride
xeo4,Xenon tetroxide
h2xeo4,Xenic acid
ybcl3,Ytterbium chloride
yb2o3,Ytterbium oxide
yb2(so4)3,Ytterbium sulfate
ysb,Yttrium antimonide
yaso4,Yttrium arsenate
yas,Yttrium arsenide
ybr3,Yttrium bromide
yf3,Yttrium fluoride
y2o3,Yttrium oxide
y(no3)3,Yttrium nitrate
y2s3,Yttrium sulfide
y2(so4)3,Yttrium sulfate
y3al5o12,Yttrium aluminium garnet
yba2cu3o7,Yttrium barium copper oxide
ycd,Yttrium cadmium
ycu,Yttrium copper
yau,Yttrium gold
yir,Yttrium iridium
y3fe5o12,Yttrium iron garnet
ymg,Yttrium magnesium
ypo4,Yttrium phosphate
yp,Yttrium phosphide
yrh,Yttrium rhodium
yag,Yttrium silver
yzn,Yttrium zinc
znbr2,Zinc bromide
znco3,Zinc carbonate
zncl2,Zinc chloride
zn(cn)2,Zinc cyanide
znf2,Zinc fluoride
zni2,Zinc iodide
zn(no3)2,Zinc nitrate
zno,Zinc oxide
zn2p2o7,Zinc pyrophosphate
znseo4,Zinc selenate
znse,Zinc selenide
znseo3,Zinc selenite
zn(secn)2,Zinc selenocyanate
znso4,Zinc sulfate
zns,Zinc sulfide
znso3,Zinc sulfite
znte,Zinc telluride
zn(scn)2,Zinc thiocyanate
znwo4,Zinc tungstate
zro2·nh2o,Zirconia hydrate
zrb2,Zirconium boride
zrc,Zirconium carbide
zrcl4,Zirconium chloride
zro2,Zirconium oxide
zr(oh)4,Zirconium hydroxide
zrsio4,Zirconium orthosilicate
zrn,Zirconium nitride
zrf4,Zirconium tetrafluoride
h4o4zr,Zirconium tetrahydroxide
zrw2o8,Zirconium tungstate
zrobr2,Zirconyl bromide
zrocl2,Zirconyl chloride
zro(no3)2,Zirconyl nitrate
zroso4,Zirconyl sulfate
clo,Hypochlorite — ClO¹⁻
clo2,Chlorite — ClO2¹⁻
clo3,Chlorate — ClO3¹⁻
clo4,Perchlorate — ClO4¹⁻
bro,Hypobromite — BrO¹⁻
bro2,Bromite — BrO2¹⁻
bro3,Bromate — BrO3¹⁻
bro4,Perbromate — BrO4¹⁻
io,Hypoiodite — IO¹⁻
io2,Iodite — IO2¹⁻
io3,Iodate — IO3¹⁻
io4,Periodate — IO4¹⁻
oh,Hydroxide — OH¹⁻
no2,Nitrite — NO2¹⁻
no3,Nitrate — NO3¹⁻
hco3,Bicarbonate — HCO3¹⁻
hso3,Bisulfite — HSO3¹⁻
hso4,Bisulfate — HSO4¹⁻
h2po4,Dihydrogen phosphate — H2PO4¹⁻
cn,Cyanide — CN¹⁻
cno,Cyanate — CNO¹⁻
scn,Thiocyanate — SCN¹⁻
mno4,Permanganate — MnO4¹⁻
c2h3o2,Acetate — C2H3O2¹⁻
o2,Peroxide — O2²⁻
co3,Carbonate — CO3²⁻
so3,Sulfite — SO3²⁻
so4,Sulfate — SO4²⁻
s2o3,Thiosulfate — S2O3²⁻
hpo4,Biphosphate — HPO4²⁻
cro4,Chromate — CrO4²⁻
cr2o7,Dichromate — Cr2O7²⁻
c2o4,Oxalate — C2O4²⁻
po3,Phosphite — PO3³⁻
po4,Phosphate — PO4³⁻
ClO¹⁻,Hypochlorite
ClO2¹⁻,Chlorite
ClO3¹⁻,Chlorate
ClO4¹⁻,Perchlorate
BrO¹⁻,Hypobromite
BrO2¹⁻,Bromite
BrO3¹⁻,Bromate
BrO4¹⁻,Perbromate
IO¹⁻,Hypoiodite
IO2¹⁻,Iodite
IO3¹⁻,Iodate
IO4¹⁻,Periodate
OH¹⁻,Hydroxide
NO2¹⁻,Nitrite
NO3¹⁻,Nitrate
HCO3¹⁻,Bicarbonate
HSO3¹⁻,Bisulfite
HSO4¹⁻,Bisulfate
H2PO4¹⁻,Dihydrogen phosphate
CN¹⁻,Cyanide
CNO¹⁻,Cyanate
SCN¹⁻,Thiocyanate
MnO4¹⁻,Permanganate
C2H3O2¹⁻,Acetate
O2²⁻,Peroxide
CO3²⁻,Carbonate
SO3²⁻,Sulfite
SO4²⁻,Sulfate
S2O3²⁻,Thiosulfate
HPO4²⁻,Biphosphate
CrO4²⁻,Chromate
Cr2O7²⁻,Dichromate
C2O4²⁻,Oxalate
PO3³⁻,Phosphite
PO4³⁻,Phosphate
clo¹⁻,Hypochlorite
clo2¹⁻,Chlorite
clo3¹⁻,Chlorate
clo4¹⁻,Perchlorate
bro¹⁻,Hypobromite
bro2¹⁻,Bromite
bro3¹⁻,Bromate
bro4¹⁻,Perbromate
io¹⁻,Hypoiodite
io2¹⁻,Iodite
io3¹⁻,Iodate
io4¹⁻,Periodate
oh¹⁻,Hydroxide
no2¹⁻,Nitrite
no3¹⁻,Nitrate
hco3¹⁻,Bicarbonate
hso3¹⁻,Bisulfite
hso4¹⁻,Bisulfate
h2po4¹⁻,Dihydrogen phosphate
cn¹⁻,Cyanide
cno¹⁻,Cyanate
scn¹⁻,Thiocyanate
mno4¹⁻,Permanganate
c2h3o2¹⁻,Acetate
o2²⁻,Peroxide
co3²⁻,Carbonate
so3²⁻,Sulfite
so4²⁻,Sulfate
s2o3²⁻,Thiosulfate
hpo4²⁻,Biphosphate
cro4²⁻,Chromate
cr2o7²⁻,Dichromate
c2o4²⁻,Oxalate
po3³⁻,Phosphite
po4³⁻,Phosphate
ClO(1-),Hypochlorite
ClO2(1-),Chlorite
ClO3(1-),Chlorate
ClO4(1-),Perchlorate
BrO(1-),Hypobromite
BrO2(1-),Bromite
BrO3(1-),Bromate
BrO4(1-),Perbromate
IO(1-),Hypoiodite
IO2(1-),Iodite
IO3(1-),Iodate
IO4(1-),Periodate
OH(1-),Hydroxide
NO2(1-),Nitrite
NO3(1-),Nitrate
HCO3(1-),Bicarbonate
HSO3(1-),Bisulfite
HSO4(1-),Bisulfate
H2PO4(1-),Dihydrogen phosphate
CN(1-),Cyanide
CNO(1-),Cyanate
SCN(1-),Thiocyanate
MnO4(1-),Permanganate
C2H3O2(1-),Acetate
O2(2-),Peroxide
CO3(2-),Carbonate
SO3(2-),Sulfite
SO4(2-),Sulfate
S2O3(2-),Thiosulfate
HPO4(2-),Biphosphate
CrO4(2-),Chromate
Cr2O7(2-),Dichromate
C2O4(2-),Oxalate
PO3(3-),Phosphite
PO4(3-),Phosphate
clo(1-),Hypochlorite
clo2(1-),Chlorite
clo3(1-),Chlorate
clo4(1-),Perchlorate
bro(1-),Hypobromite
bro2(1-),Bromite
bro3(1-),Bromate
bro4(1-),Perbromate
io(1-),Hypoiodite
io2(1-),Iodite
io3(1-),Iodate
io4(1-),Periodate
oh(1-),Hydroxide
no2(1-),Nitrite
no3(1-),Nitrate
hco3(1-),Bicarbonate
hso3(1-),Bisulfite
hso4(1-),Bisulfate
h2po4(1-),Dihydrogen phosphate
cn(1-),Cyanide
cno(1-),Cyanate
scn(1-),Thiocyanate
mno4(1-),Permanganate
c2h3o2(1-),Acetate
o2(2-),Peroxide
co3(2-),Carbonate
so3(2-),Sulfite
so4(2-),Sulfate
s2o3(2-),Thiosulfate
hpo4(2-),Biphosphate
cro4(2-),Chromate
cr2o7(2-),Dichromate
c2o4(2-),Oxalate
po3(3-),Phosphite
po4(3-),Phosphate